account_id,account_type,account_status,opened_date,closed_date
A000001,TRANSACTION,ACTIVE,2020-06-25,
A000002,TRANSACTION,ACTIVE,2026-05-08,
A000003,TRANSACTION,ACTIVE,2025-02-04,
A000004,SAVINGS,ACTIVE,2020-12-22,
A000005,SAVINGS,ACTIVE,2019-10-14,
A000006,SAVINGS,ACTIVE,2022-11-05,
A000007,TRANSACTION,ACTIVE,2020-02-13,
A000008,SAVINGS,ACTIVE,2021-12-05,
A000009,TRANSACTION,DORMANT,2025-08-27,
A000010,TRANSACTION,DORMANT,2021-01-04,
A000011,TRANSACTION,ACTIVE,2019-06-02,
A000012,SAVINGS,DORMANT,2024-08-09,
A000013,TRANSACTION,ACTIVE,2018-03-14,
A000014,TRANSACTION,ACTIVE,2020-08-31,
A000015,TRANSACTION,ACTIVE,2023-12-24,
A000016,SAVINGS,ACTIVE,2018-06-01,
A000017,TRANSACTION,DORMANT,2025-04-25,
A000018,TRANSACTION,ACTIVE,2020-05-26,
A000019,TRANSACTION,ACTIVE,2026-08-03,
A000020,TRANSACTION,ACTIVE,2024-09-21,
A000021,TRANSACTION,DORMANT,2025-04-10,
A000022,TRANSACTION,ACTIVE,2021-12-15,
A000023,TRANSACTION,DORMANT,2024-04-20,
A000024,SAVINGS,ACTIVE,2026-04-24,
A000025,TRANSACTION,DORMANT,2024-12-13,
A000026,TRANSACTION,DORMANT,2025-02-13,
A000027,SAVINGS,ACTIVE,2025-10-15,
A000028,TRANSACTION,ACTIVE,2021-01-16,
A000029,SAVINGS,ACTIVE,2022-03-03,
A000030,SAVINGS,ACTIVE,2026-01-07,
A000031,TRANSACTION,ACTIVE,2020-08-16,
A000032,TRANSACTION,ACTIVE,2021-02-09,
A000033,TRANSACTION,ACTIVE,2020-02-25,
A000034,TRANSACTION,ACTIVE,2022-01-06,
A000035,TRANSACTION,ACTIVE,2026-04-08,
A000036,TRANSACTION,ACTIVE,2022-06-28,
A000037,SAVINGS,CLOSED,2019-11-05,2025-08-11
A000038,TRANSACTION,DORMANT,2022-09-25,
A000039,TRANSACTION,DORMANT,2018-04-28,
A000040,SAVINGS,ACTIVE,2021-05-02,
A000041,TRANSACTION,ACTIVE,2018-03-20,
A000042,TRANSACTION,ACTIVE,2018-09-18,
A000043,TRANSACTION,ACTIVE,2025-12-08,
A000044,SAVINGS,ACTIVE,2019-06-18,
A000045,TRANSACTION,ACTIVE,2018-11-07,
A000046,TRANSACTION,ACTIVE,2024-01-15,
A000047,SAVINGS,DORMANT,2021-11-16,
A000048,SAVINGS,DORMANT,2018-09-20,
A000049,SAVINGS,ACTIVE,2021-05-10,
A000050,TRANSACTION,ACTIVE,2024-12-28,
A000051,TRANSACTION,DORMANT,2024-08-03,
A000052,SAVINGS,ACTIVE,2022-12-28,
A000053,SAVINGS,ACTIVE,2026-07-08,
A000054,TRANSACTION,ACTIVE,2021-07-04,
A000055,TRANSACTION,ACTIVE,2026-05-23,
A000056,TRANSACTION,ACTIVE,2020-11-30,
A000057,TRANSACTION,ACTIVE,2019-03-20,
A000058,TRANSACTION,ACTIVE,2020-11-06,
A000059,TRANSACTION,ACTIVE,2020-05-05,
A000060,SAVINGS,ACTIVE,2019-06-17,
A000061,TRANSACTION,ACTIVE,2025-08-13,
A000062,SAVINGS,ACTIVE,2018-02-23,
A000063,TRANSACTION,DORMANT,2023-06-17,
A000064,TRANSACTION,ACTIVE,2022-08-12,
A000065,TRANSACTION,ACTIVE,2021-05-25,
A000066,TRANSACTION,ACTIVE,2019-08-19,
A000067,SAVINGS,DORMANT,2024-11-01,
A000068,TRANSACTION,ACTIVE,2022-02-14,
A000069,TRANSACTION,ACTIVE,2021-05-25,
A000070,TRANSACTION,DORMANT,2019-12-09,
A000071,TRANSACTION,DORMANT,2019-07-17,
A000072,SAVINGS,ACTIVE,2026-05-07,
A000073,TRANSACTION,ACTIVE,2025-07-24,
A000074,TRANSACTION,ACTIVE,2023-05-01,
A000075,TRANSACTION,DORMANT,2018-01-27,
A000076,SAVINGS,ACTIVE,2019-07-09,
A000077,TRANSACTION,ACTIVE,2021-09-22,
A000078,SAVINGS,DORMANT,2023-09-09,
A000079,TRANSACTION,ACTIVE,2020-09-21,
A000080,SAVINGS,ACTIVE,2022-04-15,
A000081,TRANSACTION,ACTIVE,2024-06-20,
A000082,SAVINGS,ACTIVE,2018-12-17,
A000083,SAVINGS,ACTIVE,2021-05-11,
A000084,SAVINGS,ACTIVE,2020-10-06,
A000085,TRANSACTION,ACTIVE,2018-05-09,
A000086,SAVINGS,ACTIVE,2018-06-16,
A000087,TRANSACTION,ACTIVE,2018-12-20,
A000088,TRANSACTION,ACTIVE,2024-02-10,
A000089,TRANSACTION,ACTIVE,2022-09-05,
A000090,TRANSACTION,ACTIVE,2021-07-13,
A000091,SAVINGS,ACTIVE,2024-02-14,
A000092,SAVINGS,ACTIVE,2026-08-10,
A000093,TRANSACTION,ACTIVE,2023-02-19,
A000094,SAVINGS,DORMANT,2025-07-22,
A000095,TRANSACTION,ACTIVE,2022-07-11,
A000096,TRANSACTION,ACTIVE,2019-12-30,
A000097,SAVINGS,ACTIVE,2020-04-09,
A000098,TRANSACTION,ACTIVE,2020-08-22,
A000099,TRANSACTION,DORMANT,2018-09-17,
A000100,SAVINGS,ACTIVE,2025-09-25,
A000101,SAVINGS,ACTIVE,2024-10-09,
A000102,SAVINGS,ACTIVE,2023-08-07,
A000103,SAVINGS,ACTIVE,2024-09-23,
A000104,TRANSACTION,CLOSED,2026-04-11,2026-07-28
A000105,SAVINGS,DORMANT,2025-01-25,
A000106,TRANSACTION,ACTIVE,2020-12-20,
A000107,TRANSACTION,CLOSED,2023-06-11,2023-12-10
A000108,SAVINGS,ACTIVE,2023-10-10,
A000109,TRANSACTION,DORMANT,2023-08-31,
A000110,TRANSACTION,ACTIVE,2022-03-24,
A000111,TRANSACTION,DORMANT,2023-06-19,
A000112,TRANSACTION,ACTIVE,2023-08-14,
A000113,SAVINGS,ACTIVE,2023-12-05,
A000114,SAVINGS,ACTIVE,2022-10-13,
A000115,TRANSACTION,CLOSED,2026-04-05,2026-05-23
A000116,SAVINGS,ACTIVE,2020-03-03,
A000117,TRANSACTION,ACTIVE,2024-09-14,
A000118,SAVINGS,ACTIVE,2021-03-08,
A000119,SAVINGS,ACTIVE,2024-08-18,
A000120,TRANSACTION,ACTIVE,2022-06-01,
A000121,SAVINGS,ACTIVE,2023-03-23,
A000122,TRANSACTION,ACTIVE,2019-01-29,
A000123,SAVINGS,ACTIVE,2021-07-20,
A000124,TRANSACTION,ACTIVE,2023-12-10,
A000125,TRANSACTION,ACTIVE,2025-09-14,
A000126,TRANSACTION,ACTIVE,2019-12-05,
A000127,TRANSACTION,ACTIVE,2019-08-21,
A000128,SAVINGS,ACTIVE,2025-07-16,
A000129,TRANSACTION,ACTIVE,2024-01-18,
A000130,SAVINGS,ACTIVE,2026-07-20,
A000131,TRANSACTION,ACTIVE,2024-05-10,
A000132,SAVINGS,ACTIVE,2019-08-12,
A000133,TRANSACTION,ACTIVE,2021-05-17,
A000134,SAVINGS,ACTIVE,2023-12-21,
A000135,TRANSACTION,ACTIVE,2025-10-09,
A000136,TRANSACTION,ACTIVE,2023-07-22,
A000137,SAVINGS,ACTIVE,2023-11-19,
A000138,SAVINGS,ACTIVE,2022-07-20,
A000139,TRANSACTION,ACTIVE,2024-12-12,
A000140,TRANSACTION,ACTIVE,2024-04-17,
A000141,SAVINGS,ACTIVE,2020-05-17,
A000142,SAVINGS,ACTIVE,2024-09-18,
A000143,SAVINGS,ACTIVE,2018-11-06,
A000144,TRANSACTION,CLOSED,2018-07-16,2019-10-17
A000145,TRANSACTION,ACTIVE,2023-09-11,
A000146,TRANSACTION,ACTIVE,2019-12-22,
A000147,SAVINGS,ACTIVE,2018-01-09,
A000148,TRANSACTION,ACTIVE,2025-08-07,
A000149,TRANSACTION,ACTIVE,2019-03-20,
A000150,SAVINGS,ACTIVE,2024-05-22,
A000151,SAVINGS,ACTIVE,2022-01-17,
A000152,SAVINGS,ACTIVE,2023-09-20,
A000153,TRANSACTION,CLOSED,2020-06-20,2023-01-24
A000154,TRANSACTION,ACTIVE,2020-06-26,
A000155,TRANSACTION,ACTIVE,2020-04-15,
A000156,TRANSACTION,ACTIVE,2023-07-07,
A000157,TRANSACTION,ACTIVE,2019-04-25,
A000158,TRANSACTION,ACTIVE,2019-09-01,
A000159,TRANSACTION,ACTIVE,2024-06-18,
A000160,TRANSACTION,ACTIVE,2024-06-11,
A000161,TRANSACTION,ACTIVE,2018-08-01,
A000162,TRANSACTION,DORMANT,2023-07-09,
A000163,SAVINGS,ACTIVE,2022-07-09,
A000164,SAVINGS,ACTIVE,2022-05-24,
A000165,SAVINGS,DORMANT,2022-02-12,
A000166,TRANSACTION,ACTIVE,2025-07-21,
A000167,TRANSACTION,DORMANT,2020-08-24,
A000168,SAVINGS,ACTIVE,2026-01-20,
A000169,TRANSACTION,ACTIVE,2020-05-04,
A000170,TRANSACTION,ACTIVE,2025-04-16,
A000171,TRANSACTION,ACTIVE,2021-03-31,
A000172,SAVINGS,CLOSED,2024-09-18,2025-10-23
A000173,TRANSACTION,ACTIVE,2020-01-25,
A000174,TRANSACTION,DORMANT,2023-04-08,
A000175,TRANSACTION,ACTIVE,2024-02-17,
A000176,TRANSACTION,ACTIVE,2023-09-29,
A000177,SAVINGS,ACTIVE,2021-11-10,
A000178,TRANSACTION,ACTIVE,2026-08-09,
A000179,TRANSACTION,ACTIVE,2025-11-17,
A000180,TRANSACTION,ACTIVE,2023-03-05,
A000181,TRANSACTION,ACTIVE,2022-09-22,
A000182,SAVINGS,ACTIVE,2023-04-17,
A000183,TRANSACTION,ACTIVE,2022-03-22,
A000184,TRANSACTION,CLOSED,2023-03-27,2023-07-01
A000185,TRANSACTION,ACTIVE,2024-08-14,
A000186,TRANSACTION,ACTIVE,2025-10-29,
A000187,TRANSACTION,ACTIVE,2026-04-16,
A000188,SAVINGS,CLOSED,2024-08-04,2026-06-11
A000189,TRANSACTION,ACTIVE,2023-09-29,
A000190,SAVINGS,ACTIVE,2025-03-17,
A000191,TRANSACTION,ACTIVE,2022-08-12,
A000192,SAVINGS,ACTIVE,2018-09-14,
A000193,TRANSACTION,ACTIVE,2019-01-31,
A000194,TRANSACTION,ACTIVE,2022-06-26,
A000195,SAVINGS,DORMANT,2024-07-03,
A000196,SAVINGS,CLOSED,2020-06-19,2022-02-28
A000197,TRANSACTION,DORMANT,2023-12-18,
A000198,SAVINGS,ACTIVE,2025-04-29,
A000199,TRANSACTION,ACTIVE,2026-06-21,
A000200,SAVINGS,DORMANT,2021-11-20,
A000201,TRANSACTION,ACTIVE,2023-05-09,
A000202,TRANSACTION,ACTIVE,2023-09-21,
A000203,TRANSACTION,ACTIVE,2020-08-10,
A000204,SAVINGS,ACTIVE,2022-08-10,
A000205,SAVINGS,ACTIVE,2019-02-28,
A000206,SAVINGS,DORMANT,2025-01-06,
A000207,TRANSACTION,ACTIVE,2025-10-31,
A000208,SAVINGS,ACTIVE,2022-07-18,
A000209,TRANSACTION,ACTIVE,2022-08-12,
A000210,TRANSACTION,DORMANT,2023-03-17,
A000211,TRANSACTION,ACTIVE,2018-11-11,
A000212,TRANSACTION,ACTIVE,2021-04-28,
A000213,TRANSACTION,ACTIVE,2022-05-19,
A000214,SAVINGS,ACTIVE,2025-12-01,
A000215,SAVINGS,ACTIVE,2021-04-06,
A000216,SAVINGS,ACTIVE,2020-05-12,
A000217,SAVINGS,ACTIVE,2021-04-07,
A000218,TRANSACTION,ACTIVE,2019-01-23,
A000219,TRANSACTION,ACTIVE,2018-05-15,
A000220,SAVINGS,ACTIVE,2024-12-01,
A000221,TRANSACTION,ACTIVE,2023-08-31,
A000222,TRANSACTION,ACTIVE,2021-12-31,
A000223,TRANSACTION,ACTIVE,2026-01-10,
A000224,SAVINGS,DORMANT,2024-07-29,
A000225,TRANSACTION,ACTIVE,2020-01-25,
A000226,TRANSACTION,ACTIVE,2025-01-23,
A000227,TRANSACTION,ACTIVE,2018-11-04,
A000228,TRANSACTION,ACTIVE,2023-11-22,
A000229,SAVINGS,DORMANT,2021-09-25,
A000230,SAVINGS,ACTIVE,2025-06-15,
A000231,TRANSACTION,ACTIVE,2018-04-05,
A000232,TRANSACTION,ACTIVE,2022-04-02,
A000233,TRANSACTION,ACTIVE,2018-12-06,
A000234,SAVINGS,DORMANT,2023-08-06,
A000235,TRANSACTION,ACTIVE,2020-09-13,
A000236,TRANSACTION,DORMANT,2018-04-30,
A000237,TRANSACTION,ACTIVE,2020-05-06,
A000238,TRANSACTION,ACTIVE,2020-04-19,
A000239,TRANSACTION,ACTIVE,2023-03-13,
A000240,SAVINGS,ACTIVE,2024-09-22,
A000241,TRANSACTION,ACTIVE,2022-03-26,
A000242,TRANSACTION,ACTIVE,2026-06-13,
A000243,SAVINGS,ACTIVE,2019-02-02,
A000244,SAVINGS,ACTIVE,2025-05-27,
A000245,TRANSACTION,DORMANT,2026-06-24,
A000246,SAVINGS,ACTIVE,2020-10-12,
A000247,TRANSACTION,ACTIVE,2021-04-02,
A000248,SAVINGS,ACTIVE,2019-06-28,
A000249,TRANSACTION,ACTIVE,2023-05-28,
A000250,SAVINGS,ACTIVE,2024-03-07,
A000251,SAVINGS,ACTIVE,2022-10-05,
A000252,TRANSACTION,ACTIVE,2026-03-06,
A000253,TRANSACTION,ACTIVE,2022-06-26,
A000254,TRANSACTION,ACTIVE,2020-09-08,
A000255,TRANSACTION,DORMANT,2019-11-17,
A000256,SAVINGS,ACTIVE,2025-05-19,
A000257,SAVINGS,ACTIVE,2023-02-06,
A000258,SAVINGS,ACTIVE,2024-05-05,
A000259,SAVINGS,ACTIVE,2023-08-15,
A000260,SAVINGS,ACTIVE,2025-07-03,
A000261,SAVINGS,ACTIVE,2018-02-27,
A000262,TRANSACTION,ACTIVE,2023-09-25,
A000263,TRANSACTION,ACTIVE,2023-10-12,
A000264,SAVINGS,ACTIVE,2024-06-27,
A000265,SAVINGS,DORMANT,2022-10-12,
A000266,TRANSACTION,ACTIVE,2026-07-28,
A000267,SAVINGS,ACTIVE,2024-06-19,
A000268,TRANSACTION,ACTIVE,2023-11-17,
A000269,SAVINGS,ACTIVE,2025-01-09,
A000270,TRANSACTION,ACTIVE,2023-03-14,
A000271,TRANSACTION,ACTIVE,2018-04-29,
A000272,TRANSACTION,ACTIVE,2026-02-03,
A000273,SAVINGS,ACTIVE,2023-10-03,
A000274,TRANSACTION,ACTIVE,2019-04-04,
A000275,TRANSACTION,ACTIVE,2026-07-07,
A000276,TRANSACTION,ACTIVE,2020-01-13,
A000277,TRANSACTION,ACTIVE,2025-11-22,
A000278,TRANSACTION,ACTIVE,2020-08-29,
A000279,TRANSACTION,ACTIVE,2023-04-17,
A000280,TRANSACTION,ACTIVE,2021-07-11,
A000281,TRANSACTION,ACTIVE,2021-05-13,
A000282,TRANSACTION,ACTIVE,2023-06-08,
A000283,SAVINGS,DORMANT,2019-11-02,
A000284,TRANSACTION,ACTIVE,2026-02-05,
A000285,TRANSACTION,ACTIVE,2024-12-20,
A000286,TRANSACTION,ACTIVE,2021-05-16,
A000287,TRANSACTION,ACTIVE,2023-02-03,
A000288,TRANSACTION,ACTIVE,2018-03-09,
A000289,SAVINGS,ACTIVE,2021-08-06,
A000290,TRANSACTION,ACTIVE,2025-10-29,
A000291,TRANSACTION,ACTIVE,2019-02-26,
A000292,SAVINGS,ACTIVE,2024-03-24,
A000293,TRANSACTION,ACTIVE,2020-07-22,
A000294,TRANSACTION,ACTIVE,2023-12-02,
A000295,TRANSACTION,ACTIVE,2018-12-16,
A000296,TRANSACTION,ACTIVE,2023-02-07,
A000297,SAVINGS,CLOSED,2018-05-24,2025-05-08
A000298,TRANSACTION,ACTIVE,2025-12-02,
A000299,TRANSACTION,ACTIVE,2026-07-01,
A000300,TRANSACTION,ACTIVE,2024-09-14,
A000301,TRANSACTION,ACTIVE,2025-10-21,
A000302,TRANSACTION,ACTIVE,2023-02-21,
A000303,SAVINGS,ACTIVE,2018-07-18,
A000304,TRANSACTION,ACTIVE,2020-02-06,
A000305,TRANSACTION,ACTIVE,2024-03-11,
A000306,SAVINGS,ACTIVE,2021-07-27,
A000307,TRANSACTION,ACTIVE,2018-02-21,
A000308,SAVINGS,DORMANT,2021-03-30,
A000309,TRANSACTION,ACTIVE,2019-11-08,
A000310,SAVINGS,ACTIVE,2022-08-20,
A000311,TRANSACTION,ACTIVE,2025-05-07,
A000312,TRANSACTION,ACTIVE,2023-11-05,
A000313,TRANSACTION,ACTIVE,2024-10-05,
A000314,SAVINGS,ACTIVE,2021-03-10,
A000315,SAVINGS,ACTIVE,2024-06-12,
A000316,SAVINGS,ACTIVE,2025-02-10,
A000317,TRANSACTION,ACTIVE,2024-12-27,
A000318,TRANSACTION,ACTIVE,2020-07-27,
A000319,TRANSACTION,ACTIVE,2021-11-17,
A000320,TRANSACTION,ACTIVE,2024-12-07,
A000321,SAVINGS,DORMANT,2020-10-20,
A000322,SAVINGS,ACTIVE,2025-12-14,
A000323,TRANSACTION,ACTIVE,2024-03-11,
A000324,TRANSACTION,ACTIVE,2023-08-04,
A000325,TRANSACTION,ACTIVE,2021-12-25,
A000326,TRANSACTION,ACTIVE,2025-11-28,
A000327,TRANSACTION,ACTIVE,2022-10-30,
A000328,TRANSACTION,ACTIVE,2023-03-30,
A000329,TRANSACTION,ACTIVE,2023-02-06,
A000330,SAVINGS,DORMANT,2025-05-25,
A000331,TRANSACTION,ACTIVE,2026-06-09,
A000332,TRANSACTION,ACTIVE,2020-08-26,
A000333,SAVINGS,DORMANT,2021-06-21,
A000334,TRANSACTION,ACTIVE,2022-12-08,
A000335,TRANSACTION,ACTIVE,2019-01-29,
A000336,TRANSACTION,ACTIVE,2022-05-31,
A000337,TRANSACTION,ACTIVE,2020-03-15,
A000338,TRANSACTION,DORMANT,2022-09-26,
A000339,TRANSACTION,ACTIVE,2021-05-08,
A000340,TRANSACTION,ACTIVE,2020-08-15,
A000341,SAVINGS,ACTIVE,2020-07-30,
A000342,TRANSACTION,DORMANT,2018-05-13,
A000343,TRANSACTION,ACTIVE,2018-05-06,
A000344,TRANSACTION,ACTIVE,2024-12-25,
A000345,TRANSACTION,ACTIVE,2025-05-16,
A000346,TRANSACTION,ACTIVE,2023-11-21,
A000347,SAVINGS,DORMANT,2024-12-02,
A000348,SAVINGS,CLOSED,2023-08-11,2026-02-24
A000349,TRANSACTION,ACTIVE,2018-09-20,
A000350,SAVINGS,ACTIVE,2024-03-10,
A000351,SAVINGS,ACTIVE,2025-05-12,
A000352,SAVINGS,ACTIVE,2021-04-06,
A000353,TRANSACTION,ACTIVE,2022-07-19,
A000354,SAVINGS,ACTIVE,2025-12-23,
A000355,SAVINGS,ACTIVE,2025-11-29,
A000356,TRANSACTION,ACTIVE,2024-11-23,
A000357,TRANSACTION,ACTIVE,2023-07-13,
A000358,TRANSACTION,CLOSED,2019-04-03,2020-06-13
A000359,TRANSACTION,ACTIVE,2022-06-21,
A000360,TRANSACTION,DORMANT,2018-12-04,
A000361,TRANSACTION,ACTIVE,2020-03-27,
A000362,TRANSACTION,ACTIVE,2023-10-09,
A000363,SAVINGS,ACTIVE,2022-11-10,
A000364,SAVINGS,ACTIVE,2021-01-02,
A000365,SAVINGS,ACTIVE,2023-10-19,
A000366,TRANSACTION,ACTIVE,2020-10-01,
A000367,SAVINGS,ACTIVE,2019-08-22,
A000368,TRANSACTION,ACTIVE,2023-02-21,
A000369,TRANSACTION,ACTIVE,2023-03-11,
A000370,TRANSACTION,CLOSED,2024-04-08,2025-05-11
A000371,TRANSACTION,DORMANT,2021-08-05,
A000372,TRANSACTION,ACTIVE,2021-04-02,
A000373,SAVINGS,ACTIVE,2018-07-09,
A000374,TRANSACTION,ACTIVE,2021-04-07,
A000375,TRANSACTION,ACTIVE,2019-04-22,
A000376,TRANSACTION,ACTIVE,2022-01-13,
A000377,TRANSACTION,CLOSED,2024-01-08,2026-04-13
A000378,TRANSACTION,ACTIVE,2021-12-18,
A000379,SAVINGS,ACTIVE,2024-05-04,
A000380,TRANSACTION,ACTIVE,2021-02-27,
A000381,TRANSACTION,ACTIVE,2024-02-27,
A000382,TRANSACTION,ACTIVE,2021-12-06,
A000383,SAVINGS,ACTIVE,2022-03-08,
A000384,SAVINGS,ACTIVE,2023-03-24,
A000385,TRANSACTION,ACTIVE,2021-03-28,
A000386,SAVINGS,ACTIVE,2018-11-20,
A000387,TRANSACTION,ACTIVE,2024-09-11,
A000388,TRANSACTION,ACTIVE,2019-05-20,
A000389,TRANSACTION,ACTIVE,2022-10-19,
A000390,SAVINGS,DORMANT,2024-08-01,
A000391,TRANSACTION,ACTIVE,2020-08-11,
A000392,SAVINGS,ACTIVE,2025-01-25,
A000393,TRANSACTION,ACTIVE,2022-06-30,
A000394,TRANSACTION,ACTIVE,2022-11-25,
A000395,TRANSACTION,DORMANT,2023-06-23,
A000396,SAVINGS,ACTIVE,2021-09-08,
A000397,SAVINGS,ACTIVE,2020-10-02,
A000398,SAVINGS,ACTIVE,2020-03-18,
A000399,TRANSACTION,DORMANT,2023-05-09,
A000400,TRANSACTION,CLOSED,2026-06-12,2026-08-22
A000401,SAVINGS,DORMANT,2018-04-09,
A000402,TRANSACTION,CLOSED,2023-03-21,2023-09-25
A000403,TRANSACTION,DORMANT,2019-12-16,
A000404,SAVINGS,DORMANT,2023-09-08,
A000405,TRANSACTION,ACTIVE,2024-11-06,
A000406,TRANSACTION,ACTIVE,2021-07-23,
A000407,SAVINGS,ACTIVE,2019-04-14,
A000408,TRANSACTION,DORMANT,2024-11-15,
A000409,TRANSACTION,ACTIVE,2021-11-10,
A000410,TRANSACTION,ACTIVE,2025-09-12,
A000411,TRANSACTION,ACTIVE,2023-12-10,
A000412,SAVINGS,ACTIVE,2024-02-27,
A000413,SAVINGS,CLOSED,2022-05-06,2022-06-29
A000414,TRANSACTION,CLOSED,2023-08-23,2023-12-30
A000415,TRANSACTION,ACTIVE,2019-10-29,
A000416,TRANSACTION,ACTIVE,2019-01-08,
A000417,TRANSACTION,ACTIVE,2022-04-21,
A000418,TRANSACTION,ACTIVE,2024-12-14,
A000419,SAVINGS,ACTIVE,2020-11-09,
A000420,SAVINGS,ACTIVE,2018-01-22,
A000421,TRANSACTION,ACTIVE,2019-09-12,
A000422,TRANSACTION,CLOSED,2026-01-24,2026-05-24
A000423,TRANSACTION,ACTIVE,2020-09-29,
A000424,SAVINGS,ACTIVE,2018-08-04,
A000425,TRANSACTION,DORMANT,2021-03-18,
A000426,SAVINGS,DORMANT,2024-10-03,
A000427,TRANSACTION,ACTIVE,2025-09-29,
A000428,TRANSACTION,DORMANT,2024-05-22,
A000429,SAVINGS,ACTIVE,2019-01-15,
A000430,TRANSACTION,ACTIVE,2018-04-26,
A000431,TRANSACTION,ACTIVE,2023-12-12,
A000432,SAVINGS,CLOSED,2022-07-15,2024-05-29
A000433,SAVINGS,ACTIVE,2019-12-05,
A000434,TRANSACTION,ACTIVE,2020-10-10,
A000435,TRANSACTION,ACTIVE,2020-02-04,
A000436,TRANSACTION,ACTIVE,2022-07-28,
A000437,TRANSACTION,ACTIVE,2023-03-18,
A000438,SAVINGS,DORMANT,2023-10-05,
A000439,SAVINGS,ACTIVE,2026-08-08,
A000440,SAVINGS,DORMANT,2021-03-25,
A000441,TRANSACTION,ACTIVE,2019-02-01,
A000442,TRANSACTION,ACTIVE,2021-11-17,
A000443,TRANSACTION,ACTIVE,2026-07-26,
A000444,TRANSACTION,ACTIVE,2019-07-13,
A000445,SAVINGS,ACTIVE,2025-02-17,
A000446,TRANSACTION,ACTIVE,2020-12-01,
A000447,TRANSACTION,ACTIVE,2021-02-06,
A000448,TRANSACTION,ACTIVE,2018-10-13,
A000449,TRANSACTION,DORMANT,2018-02-03,
A000450,TRANSACTION,ACTIVE,2025-03-26,
A000451,TRANSACTION,ACTIVE,2024-02-11,
A000452,TRANSACTION,DORMANT,2019-09-03,
A000453,TRANSACTION,ACTIVE,2024-07-03,
A000454,TRANSACTION,ACTIVE,2024-05-15,
A000455,SAVINGS,ACTIVE,2020-05-09,
A000456,SAVINGS,ACTIVE,2024-12-03,
A000457,TRANSACTION,ACTIVE,2025-07-15,
A000458,TRANSACTION,DORMANT,2021-01-12,
A000459,SAVINGS,DORMANT,2022-02-15,
A000460,TRANSACTION,ACTIVE,2023-10-03,
A000461,SAVINGS,ACTIVE,2024-03-18,
A000462,SAVINGS,ACTIVE,2026-02-15,
A000463,TRANSACTION,ACTIVE,2024-12-22,
A000464,TRANSACTION,CLOSED,2025-06-12,2026-06-26
A000465,SAVINGS,ACTIVE,2025-06-30,
A000466,TRANSACTION,DORMANT,2022-04-07,
A000467,SAVINGS,ACTIVE,2020-09-08,
A000468,TRANSACTION,ACTIVE,2022-12-07,
A000469,TRANSACTION,ACTIVE,2022-03-25,
A000470,TRANSACTION,DORMANT,2020-08-18,
A000471,TRANSACTION,ACTIVE,2020-09-06,
A000472,TRANSACTION,DORMANT,2021-04-09,
A000473,TRANSACTION,ACTIVE,2021-07-06,
A000474,SAVINGS,DORMANT,2022-05-04,
A000475,TRANSACTION,ACTIVE,2019-04-06,
A000476,TRANSACTION,ACTIVE,2025-02-25,
A000477,TRANSACTION,ACTIVE,2022-07-14,
A000478,SAVINGS,ACTIVE,2024-04-10,
A000479,TRANSACTION,ACTIVE,2024-12-26,
A000480,TRANSACTION,ACTIVE,2024-07-15,
A000481,SAVINGS,ACTIVE,2026-04-13,
A000482,TRANSACTION,ACTIVE,2021-08-10,
A000483,SAVINGS,ACTIVE,2018-05-06,
A000484,TRANSACTION,ACTIVE,2018-09-15,
A000485,SAVINGS,ACTIVE,2021-02-16,
A000486,SAVINGS,ACTIVE,2018-05-12,
A000487,TRANSACTION,ACTIVE,2023-05-14,
A000488,TRANSACTION,ACTIVE,2021-02-03,
A000489,TRANSACTION,DORMANT,2018-05-25,
A000490,TRANSACTION,ACTIVE,2021-10-30,
A000491,SAVINGS,ACTIVE,2026-01-17,
A000492,TRANSACTION,ACTIVE,2023-09-21,
A000493,TRANSACTION,ACTIVE,2022-05-01,
A000494,TRANSACTION,ACTIVE,2019-03-17,
A000495,TRANSACTION,ACTIVE,2025-08-13,
A000496,SAVINGS,ACTIVE,2021-03-19,
A000497,TRANSACTION,ACTIVE,2022-05-25,
A000498,SAVINGS,CLOSED,2022-03-19,2023-07-19
A000499,TRANSACTION,ACTIVE,2022-10-04,
A000500,TRANSACTION,ACTIVE,2020-11-10,
A000501,TRANSACTION,ACTIVE,2018-05-21,
A000502,TRANSACTION,ACTIVE,2023-02-19,
A000503,TRANSACTION,ACTIVE,2020-08-24,
A000504,SAVINGS,ACTIVE,2019-02-21,
A000505,TRANSACTION,DORMANT,2018-10-21,
A000506,TRANSACTION,DORMANT,2024-07-28,
A000507,TRANSACTION,ACTIVE,2026-08-15,
A000508,TRANSACTION,ACTIVE,2025-12-12,
A000509,TRANSACTION,ACTIVE,2021-06-26,
A000510,TRANSACTION,ACTIVE,2020-08-23,
A000511,TRANSACTION,ACTIVE,2024-01-13,
A000512,TRANSACTION,ACTIVE,2025-04-02,
A000513,TRANSACTION,ACTIVE,2026-05-23,
A000514,TRANSACTION,ACTIVE,2020-07-12,
A000515,SAVINGS,ACTIVE,2024-09-26,
A000516,SAVINGS,ACTIVE,2020-05-02,
A000517,SAVINGS,ACTIVE,2025-08-11,
A000518,TRANSACTION,DORMANT,2024-04-20,
A000519,SAVINGS,ACTIVE,2025-08-02,
A000520,TRANSACTION,ACTIVE,2023-03-17,
A000521,SAVINGS,ACTIVE,2021-09-06,
A000522,TRANSACTION,CLOSED,2022-06-21,2026-05-17
A000523,TRANSACTION,ACTIVE,2018-04-07,
A000524,TRANSACTION,ACTIVE,2022-09-25,
A000525,SAVINGS,DORMANT,2025-09-10,
A000526,TRANSACTION,DORMANT,2018-07-24,
A000527,SAVINGS,ACTIVE,2025-09-11,
A000528,TRANSACTION,ACTIVE,2026-08-03,
A000529,TRANSACTION,ACTIVE,2020-10-06,
A000530,SAVINGS,ACTIVE,2024-08-20,
A000531,TRANSACTION,ACTIVE,2020-01-08,
A000532,TRANSACTION,DORMANT,2018-05-22,
A000533,TRANSACTION,ACTIVE,2022-04-25,
A000534,SAVINGS,CLOSED,2018-02-08,2021-02-22
A000535,TRANSACTION,ACTIVE,2019-03-17,
A000536,SAVINGS,ACTIVE,2025-07-21,
A000537,SAVINGS,ACTIVE,2026-06-21,
A000538,TRANSACTION,ACTIVE,2019-03-07,
A000539,SAVINGS,ACTIVE,2018-07-15,
A000540,TRANSACTION,CLOSED,2025-09-10,2026-05-07
A000541,TRANSACTION,ACTIVE,2023-04-19,
A000542,TRANSACTION,ACTIVE,2019-01-30,
A000543,TRANSACTION,ACTIVE,2026-04-13,
A000544,TRANSACTION,ACTIVE,2018-07-31,
A000545,TRANSACTION,DORMANT,2026-07-26,
A000546,TRANSACTION,ACTIVE,2025-09-23,
A000547,TRANSACTION,CLOSED,2021-04-10,2025-03-12
A000548,TRANSACTION,ACTIVE,2025-10-29,
A000549,SAVINGS,ACTIVE,2018-05-22,
A000550,SAVINGS,DORMANT,2023-09-13,
A000551,TRANSACTION,ACTIVE,2020-07-05,
A000552,SAVINGS,CLOSED,2020-09-24,2020-11-10
A000553,TRANSACTION,CLOSED,2020-07-29,2024-09-04
A000554,SAVINGS,ACTIVE,2018-01-08,
A000555,TRANSACTION,DORMANT,2018-03-22,
A000556,SAVINGS,ACTIVE,2025-03-05,
A000557,SAVINGS,ACTIVE,2026-01-30,
A000558,TRANSACTION,ACTIVE,2023-12-12,
A000559,TRANSACTION,ACTIVE,2025-06-30,
A000560,TRANSACTION,ACTIVE,2026-06-26,
A000561,TRANSACTION,CLOSED,2023-02-17,2026-02-01
A000562,TRANSACTION,ACTIVE,2021-10-25,
A000563,TRANSACTION,ACTIVE,2019-09-15,
A000564,SAVINGS,ACTIVE,2026-03-19,
A000565,TRANSACTION,ACTIVE,2018-06-21,
A000566,SAVINGS,ACTIVE,2022-02-05,
A000567,TRANSACTION,DORMANT,2026-03-03,
A000568,TRANSACTION,ACTIVE,2024-12-20,
A000569,SAVINGS,ACTIVE,2022-06-11,
A000570,SAVINGS,ACTIVE,2019-01-08,
A000571,TRANSACTION,DORMANT,2019-03-23,
A000572,SAVINGS,DORMANT,2019-03-09,
A000573,TRANSACTION,ACTIVE,2023-05-09,
A000574,SAVINGS,ACTIVE,2021-03-14,
A000575,TRANSACTION,CLOSED,2020-01-28,2020-06-04
A000576,SAVINGS,ACTIVE,2019-12-29,
A000577,SAVINGS,ACTIVE,2018-10-17,
A000578,SAVINGS,ACTIVE,2018-06-20,
A000579,TRANSACTION,ACTIVE,2024-07-10,
A000580,SAVINGS,ACTIVE,2023-07-15,
A000581,TRANSACTION,ACTIVE,2022-12-13,
A000582,TRANSACTION,ACTIVE,2026-01-27,
A000583,SAVINGS,ACTIVE,2020-10-22,
A000584,SAVINGS,ACTIVE,2025-04-03,
A000585,TRANSACTION,CLOSED,2025-03-15,2026-04-08
A000586,SAVINGS,ACTIVE,2019-05-13,
A000587,TRANSACTION,DORMANT,2018-10-12,
A000588,TRANSACTION,ACTIVE,2020-09-07,
A000589,SAVINGS,DORMANT,2020-06-27,
A000590,TRANSACTION,DORMANT,2025-06-14,
A000591,TRANSACTION,DORMANT,2023-09-12,
A000592,SAVINGS,ACTIVE,2025-10-07,
A000593,SAVINGS,ACTIVE,2019-09-22,
A000594,TRANSACTION,DORMANT,2018-10-11,
A000595,TRANSACTION,ACTIVE,2022-06-14,
A000596,TRANSACTION,ACTIVE,2018-10-01,
A000597,TRANSACTION,ACTIVE,2024-08-22,
A000598,TRANSACTION,ACTIVE,2022-05-12,
A000599,TRANSACTION,ACTIVE,2025-12-08,
A000600,TRANSACTION,ACTIVE,2018-10-11,
A000601,SAVINGS,ACTIVE,2026-04-03,
A000602,SAVINGS,ACTIVE,2026-08-05,
A000603,SAVINGS,DORMANT,2024-11-10,
A000604,TRANSACTION,ACTIVE,2020-08-31,
A000605,TRANSACTION,CLOSED,2022-07-05,2023-07-24
A000606,TRANSACTION,ACTIVE,2018-06-03,
A000607,SAVINGS,ACTIVE,2026-02-03,
A000608,TRANSACTION,ACTIVE,2026-02-06,
A000609,SAVINGS,ACTIVE,2026-02-22,
A000610,TRANSACTION,CLOSED,2022-11-29,2022-12-30
A000611,TRANSACTION,ACTIVE,2018-08-05,
A000612,TRANSACTION,ACTIVE,2019-10-27,
A000613,SAVINGS,DORMANT,2020-09-13,
A000614,SAVINGS,ACTIVE,2020-05-31,
A000615,SAVINGS,ACTIVE,2023-07-06,
A000616,TRANSACTION,DORMANT,2025-03-23,
A000617,TRANSACTION,ACTIVE,2022-01-22,
A000618,TRANSACTION,ACTIVE,2021-04-01,
A000619,TRANSACTION,ACTIVE,2021-08-13,
A000620,SAVINGS,ACTIVE,2024-09-09,
A000621,TRANSACTION,ACTIVE,2021-12-27,
A000622,TRANSACTION,DORMANT,2023-10-02,
A000623,TRANSACTION,ACTIVE,2021-07-07,
A000624,TRANSACTION,ACTIVE,2024-10-01,
A000625,TRANSACTION,ACTIVE,2023-01-28,
A000626,TRANSACTION,ACTIVE,2019-04-23,
A000627,SAVINGS,ACTIVE,2026-05-21,
A000628,SAVINGS,ACTIVE,2021-10-04,
A000629,TRANSACTION,ACTIVE,2026-02-21,
A000630,SAVINGS,ACTIVE,2020-04-28,
A000631,SAVINGS,ACTIVE,2024-04-17,
A000632,SAVINGS,ACTIVE,2018-02-12,
A000633,SAVINGS,ACTIVE,2021-10-13,
A000634,SAVINGS,CLOSED,2021-04-25,2021-12-01
A000635,TRANSACTION,ACTIVE,2025-07-10,
A000636,TRANSACTION,DORMANT,2024-05-12,
A000637,TRANSACTION,ACTIVE,2022-01-27,
A000638,SAVINGS,ACTIVE,2019-10-30,
A000639,TRANSACTION,ACTIVE,2020-08-10,
A000640,SAVINGS,ACTIVE,2025-01-01,
A000641,SAVINGS,ACTIVE,2020-08-20,
A000642,TRANSACTION,ACTIVE,2021-05-25,
A000643,TRANSACTION,ACTIVE,2018-08-27,
A000644,TRANSACTION,ACTIVE,2025-05-19,
A000645,TRANSACTION,ACTIVE,2020-09-13,
A000646,SAVINGS,ACTIVE,2026-06-28,
A000647,TRANSACTION,ACTIVE,2026-02-09,
A000648,SAVINGS,ACTIVE,2023-03-02,
A000649,SAVINGS,ACTIVE,2021-10-10,
A000650,SAVINGS,ACTIVE,2021-04-28,
A000651,TRANSACTION,ACTIVE,2022-03-06,
A000652,TRANSACTION,DORMANT,2023-12-08,
A000653,TRANSACTION,ACTIVE,2018-08-01,
A000654,SAVINGS,ACTIVE,2026-05-15,
A000655,TRANSACTION,ACTIVE,2022-04-10,
A000656,TRANSACTION,ACTIVE,2024-05-21,
A000657,TRANSACTION,ACTIVE,2018-10-23,
A000658,SAVINGS,ACTIVE,2025-12-12,
A000659,SAVINGS,ACTIVE,2022-06-17,
A000660,TRANSACTION,ACTIVE,2026-07-19,
A000661,TRANSACTION,CLOSED,2021-08-26,2024-11-27
A000662,TRANSACTION,ACTIVE,2020-12-13,
A000663,TRANSACTION,CLOSED,2022-06-17,2024-02-22
A000664,SAVINGS,ACTIVE,2020-11-17,
A000665,TRANSACTION,ACTIVE,2023-09-14,
A000666,TRANSACTION,ACTIVE,2021-04-24,
A000667,TRANSACTION,ACTIVE,2018-11-12,
A000668,SAVINGS,ACTIVE,2021-05-21,
A000669,TRANSACTION,ACTIVE,2025-01-14,
A000670,TRANSACTION,ACTIVE,2025-01-22,
A000671,TRANSACTION,ACTIVE,2025-09-11,
A000672,TRANSACTION,ACTIVE,2019-04-13,
A000673,TRANSACTION,ACTIVE,2024-04-26,
A000674,TRANSACTION,ACTIVE,2021-10-16,
A000675,SAVINGS,ACTIVE,2019-02-17,
A000676,TRANSACTION,ACTIVE,2024-03-17,
A000677,TRANSACTION,CLOSED,2019-12-16,2024-02-22
A000678,SAVINGS,ACTIVE,2018-06-22,
A000679,TRANSACTION,ACTIVE,2024-08-28,
A000680,TRANSACTION,ACTIVE,2024-04-03,
A000681,TRANSACTION,ACTIVE,2023-12-11,
A000682,SAVINGS,ACTIVE,2020-03-29,
A000683,TRANSACTION,ACTIVE,2022-09-19,
A000684,TRANSACTION,ACTIVE,2019-07-31,
A000685,TRANSACTION,DORMANT,2019-08-30,
A000686,TRANSACTION,ACTIVE,2019-11-04,
A000687,TRANSACTION,ACTIVE,2023-08-12,
A000688,TRANSACTION,ACTIVE,2026-07-11,
A000689,TRANSACTION,ACTIVE,2024-06-24,
A000690,TRANSACTION,ACTIVE,2023-09-13,
A000691,TRANSACTION,ACTIVE,2024-02-08,
A000692,SAVINGS,ACTIVE,2024-03-09,
A000693,TRANSACTION,ACTIVE,2019-07-20,
A000694,TRANSACTION,DORMANT,2023-09-23,
A000695,TRANSACTION,DORMANT,2026-05-06,
A000696,SAVINGS,ACTIVE,2020-11-17,
A000697,TRANSACTION,ACTIVE,2022-11-26,
A000698,SAVINGS,ACTIVE,2021-10-24,
A000699,TRANSACTION,ACTIVE,2022-09-25,
A000700,TRANSACTION,ACTIVE,2023-05-28,
A000701,TRANSACTION,ACTIVE,2023-09-18,
A000702,TRANSACTION,ACTIVE,2025-10-16,
A000703,TRANSACTION,CLOSED,2023-02-23,2026-08-03
A000704,SAVINGS,ACTIVE,2021-04-08,
A000705,SAVINGS,ACTIVE,2019-04-12,
A000706,TRANSACTION,ACTIVE,2021-10-10,
A000707,TRANSACTION,ACTIVE,2026-07-23,
A000708,TRANSACTION,ACTIVE,2024-11-20,
A000709,TRANSACTION,ACTIVE,2023-05-08,
A000710,TRANSACTION,ACTIVE,2021-12-21,
A000711,TRANSACTION,ACTIVE,2024-08-30,
A000712,TRANSACTION,ACTIVE,2024-01-26,
A000713,TRANSACTION,DORMANT,2024-08-17,
A000714,TRANSACTION,ACTIVE,2024-09-29,
A000715,TRANSACTION,DORMANT,2024-08-01,
A000716,TRANSACTION,ACTIVE,2024-02-27,
A000717,TRANSACTION,ACTIVE,2020-04-24,
A000718,SAVINGS,ACTIVE,2019-12-10,
A000719,TRANSACTION,DORMANT,2020-02-20,
A000720,TRANSACTION,CLOSED,2023-02-09,2026-05-17
A000721,TRANSACTION,ACTIVE,2022-11-10,
A000722,TRANSACTION,CLOSED,2026-05-17,2026-06-18
A000723,TRANSACTION,ACTIVE,2022-12-14,
A000724,TRANSACTION,ACTIVE,2020-10-04,
A000725,TRANSACTION,ACTIVE,2019-09-09,
A000726,TRANSACTION,ACTIVE,2019-08-03,
A000727,TRANSACTION,ACTIVE,2022-11-30,
A000728,SAVINGS,ACTIVE,2020-05-09,
A000729,SAVINGS,ACTIVE,2024-12-07,
A000730,TRANSACTION,ACTIVE,2022-08-09,
A000731,TRANSACTION,ACTIVE,2021-03-11,
A000732,SAVINGS,ACTIVE,2020-12-06,
A000733,TRANSACTION,ACTIVE,2023-07-20,
A000734,TRANSACTION,ACTIVE,2020-03-22,
A000735,SAVINGS,ACTIVE,2022-04-23,
A000736,SAVINGS,ACTIVE,2019-05-01,
A000737,TRANSACTION,ACTIVE,2021-08-13,
A000738,TRANSACTION,ACTIVE,2020-05-05,
A000739,TRANSACTION,ACTIVE,2022-10-16,
A000740,SAVINGS,DORMANT,2020-09-09,
A000741,SAVINGS,ACTIVE,2021-07-16,
A000742,SAVINGS,ACTIVE,2019-08-21,
A000743,TRANSACTION,ACTIVE,2022-01-15,
A000744,TRANSACTION,ACTIVE,2020-03-27,
A000745,TRANSACTION,DORMANT,2022-05-11,
A000746,TRANSACTION,ACTIVE,2021-05-22,
A000747,SAVINGS,DORMANT,2020-08-22,
A000748,SAVINGS,ACTIVE,2018-08-28,
A000749,SAVINGS,CLOSED,2023-10-10,2026-02-19
A000750,TRANSACTION,ACTIVE,2021-02-02,
A000751,SAVINGS,ACTIVE,2024-05-22,
A000752,TRANSACTION,ACTIVE,2019-09-16,
A000753,TRANSACTION,ACTIVE,2018-03-14,
A000754,TRANSACTION,ACTIVE,2023-03-29,
A000755,SAVINGS,ACTIVE,2021-09-15,
A000756,TRANSACTION,ACTIVE,2022-08-27,
A000757,SAVINGS,ACTIVE,2023-11-25,
A000758,SAVINGS,ACTIVE,2018-01-02,
A000759,TRANSACTION,ACTIVE,2023-10-31,
A000760,SAVINGS,DORMANT,2025-11-17,
A000761,SAVINGS,CLOSED,2023-02-25,2026-03-25
A000762,SAVINGS,ACTIVE,2021-10-01,
A000763,TRANSACTION,DORMANT,2019-12-06,
A000764,SAVINGS,ACTIVE,2023-12-18,
A000765,TRANSACTION,CLOSED,2026-02-11,2026-08-24
A000766,SAVINGS,ACTIVE,2020-03-20,
A000767,SAVINGS,ACTIVE,2022-05-27,
A000768,TRANSACTION,ACTIVE,2024-08-06,
A000769,SAVINGS,ACTIVE,2019-04-15,
A000770,SAVINGS,ACTIVE,2020-06-18,
A000771,TRANSACTION,ACTIVE,2026-06-03,
A000772,SAVINGS,ACTIVE,2024-04-16,
A000773,TRANSACTION,ACTIVE,2023-07-06,
A000774,TRANSACTION,DORMANT,2018-09-30,
A000775,TRANSACTION,ACTIVE,2020-12-05,
A000776,SAVINGS,ACTIVE,2022-07-10,
A000777,TRANSACTION,ACTIVE,2023-06-06,
A000778,TRANSACTION,DORMANT,2023-09-01,
A000779,SAVINGS,ACTIVE,2021-07-23,
A000780,SAVINGS,ACTIVE,2025-08-17,
A000781,TRANSACTION,ACTIVE,2022-01-17,
A000782,TRANSACTION,ACTIVE,2022-02-07,
A000783,TRANSACTION,ACTIVE,2019-06-30,
A000784,SAVINGS,ACTIVE,2019-03-26,
A000785,TRANSACTION,ACTIVE,2024-07-05,
A000786,TRANSACTION,ACTIVE,2023-03-09,
A000787,TRANSACTION,CLOSED,2020-12-26,2022-08-02
A000788,TRANSACTION,CLOSED,2021-08-15,2024-07-31
A000789,TRANSACTION,ACTIVE,2021-04-20,
A000790,TRANSACTION,ACTIVE,2023-06-01,
A000791,TRANSACTION,ACTIVE,2019-06-02,
A000792,SAVINGS,ACTIVE,2018-09-20,
A000793,TRANSACTION,ACTIVE,2021-10-01,
A000794,TRANSACTION,ACTIVE,2025-09-13,
A000795,SAVINGS,ACTIVE,2020-03-05,
A000796,TRANSACTION,ACTIVE,2023-08-01,
A000797,SAVINGS,ACTIVE,2021-02-16,
A000798,SAVINGS,DORMANT,2023-03-21,
A000799,TRANSACTION,ACTIVE,2018-04-16,
A000800,SAVINGS,ACTIVE,2022-10-30,
A000801,SAVINGS,ACTIVE,2018-12-18,
A000802,SAVINGS,ACTIVE,2022-12-19,
A000803,SAVINGS,ACTIVE,2019-03-11,
A000804,SAVINGS,DORMANT,2022-11-29,
A000805,TRANSACTION,ACTIVE,2022-08-18,
A000806,TRANSACTION,ACTIVE,2020-08-18,
A000807,TRANSACTION,ACTIVE,2024-10-26,
A000808,TRANSACTION,DORMANT,2021-05-04,
A000809,TRANSACTION,ACTIVE,2018-11-12,
A000810,TRANSACTION,ACTIVE,2022-07-01,
A000811,TRANSACTION,CLOSED,2019-10-06,2024-05-03
A000812,TRANSACTION,ACTIVE,2018-01-20,
A000813,TRANSACTION,ACTIVE,2023-12-27,
A000814,TRANSACTION,DORMANT,2024-09-01,
A000815,SAVINGS,ACTIVE,2018-09-11,
A000816,SAVINGS,ACTIVE,2018-08-22,
A000817,TRANSACTION,ACTIVE,2026-06-08,
A000818,SAVINGS,DORMANT,2019-08-04,
A000819,TRANSACTION,DORMANT,2020-07-17,
A000820,SAVINGS,CLOSED,2020-01-11,2025-07-08
A000821,TRANSACTION,ACTIVE,2024-06-02,
A000822,SAVINGS,ACTIVE,2025-10-29,
A000823,SAVINGS,ACTIVE,2019-03-25,
A000824,SAVINGS,ACTIVE,2018-04-20,
A000825,SAVINGS,ACTIVE,2023-01-26,
A000826,SAVINGS,ACTIVE,2022-04-03,
A000827,TRANSACTION,ACTIVE,2024-05-02,
A000828,SAVINGS,ACTIVE,2026-05-10,
A000829,TRANSACTION,ACTIVE,2020-12-25,
A000830,TRANSACTION,ACTIVE,2021-08-12,
A000831,SAVINGS,ACTIVE,2021-08-24,
A000832,TRANSACTION,ACTIVE,2025-06-07,
A000833,SAVINGS,ACTIVE,2021-08-10,
A000834,TRANSACTION,ACTIVE,2025-10-27,
A000835,TRANSACTION,DORMANT,2023-08-06,
A000836,TRANSACTION,ACTIVE,2023-10-19,
A000837,SAVINGS,ACTIVE,2020-12-27,
A000838,TRANSACTION,ACTIVE,2020-03-28,
A000839,TRANSACTION,ACTIVE,2024-07-04,
A000840,TRANSACTION,ACTIVE,2023-04-27,
A000841,TRANSACTION,ACTIVE,2020-05-25,
A000842,TRANSACTION,ACTIVE,2020-03-03,
A000843,SAVINGS,ACTIVE,2021-08-18,
A000844,TRANSACTION,ACTIVE,2024-01-22,
A000845,SAVINGS,DORMANT,2026-03-08,
A000846,TRANSACTION,ACTIVE,2019-07-24,
A000847,SAVINGS,ACTIVE,2023-10-22,
A000848,SAVINGS,ACTIVE,2025-08-12,
A000849,SAVINGS,ACTIVE,2021-01-24,
A000850,TRANSACTION,DORMANT,2022-03-06,
A000851,SAVINGS,ACTIVE,2023-09-10,
A000852,TRANSACTION,ACTIVE,2020-09-04,
A000853,TRANSACTION,ACTIVE,2019-01-20,
A000854,TRANSACTION,ACTIVE,2021-12-04,
A000855,TRANSACTION,ACTIVE,2018-07-23,
A000856,TRANSACTION,ACTIVE,2024-06-25,
A000857,SAVINGS,ACTIVE,2019-11-14,
A000858,SAVINGS,DORMANT,2020-12-03,
A000859,TRANSACTION,ACTIVE,2023-12-10,
A000860,TRANSACTION,ACTIVE,2025-02-13,
A000861,SAVINGS,ACTIVE,2023-09-21,
A000862,SAVINGS,DORMANT,2023-04-01,
A000863,SAVINGS,ACTIVE,2026-01-16,
A000864,TRANSACTION,DORMANT,2023-12-12,
A000865,TRANSACTION,ACTIVE,2026-06-01,
A000866,TRANSACTION,ACTIVE,2020-08-19,
A000867,TRANSACTION,ACTIVE,2024-08-10,
A000868,SAVINGS,ACTIVE,2023-06-18,
A000869,SAVINGS,ACTIVE,2018-05-28,
A000870,SAVINGS,ACTIVE,2019-10-22,
A000871,TRANSACTION,ACTIVE,2023-07-22,
A000872,TRANSACTION,DORMANT,2021-05-17,
A000873,TRANSACTION,ACTIVE,2025-10-25,
A000874,SAVINGS,ACTIVE,2021-07-21,
A000875,SAVINGS,ACTIVE,2023-01-25,
A000876,TRANSACTION,ACTIVE,2026-01-29,
A000877,SAVINGS,ACTIVE,2021-12-06,
A000878,TRANSACTION,DORMANT,2024-05-19,
A000879,TRANSACTION,ACTIVE,2019-07-27,
A000880,TRANSACTION,ACTIVE,2022-02-22,
A000881,SAVINGS,DORMANT,2023-10-05,
A000882,SAVINGS,ACTIVE,2021-10-12,
A000883,TRANSACTION,CLOSED,2022-09-27,2026-05-15
A000884,TRANSACTION,ACTIVE,2021-01-29,
A000885,SAVINGS,ACTIVE,2019-09-24,
A000886,SAVINGS,ACTIVE,2019-07-16,
A000887,TRANSACTION,ACTIVE,2022-11-30,
A000888,TRANSACTION,DORMANT,2024-03-19,
A000889,TRANSACTION,ACTIVE,2018-04-02,
A000890,SAVINGS,ACTIVE,2024-07-28,
A000891,SAVINGS,ACTIVE,2021-01-28,
A000892,TRANSACTION,ACTIVE,2018-11-29,
A000893,TRANSACTION,ACTIVE,2020-09-12,
A000894,TRANSACTION,ACTIVE,2023-12-15,
A000895,TRANSACTION,ACTIVE,2018-08-06,
A000896,SAVINGS,ACTIVE,2020-02-22,
A000897,TRANSACTION,ACTIVE,2018-08-24,
A000898,TRANSACTION,ACTIVE,2025-03-20,
A000899,TRANSACTION,ACTIVE,2024-02-09,
A000900,SAVINGS,ACTIVE,2019-10-31,
A000901,TRANSACTION,ACTIVE,2021-12-26,
A000902,SAVINGS,ACTIVE,2020-11-08,
A000903,SAVINGS,ACTIVE,2025-01-26,
A000904,SAVINGS,ACTIVE,2022-12-07,
A000905,TRANSACTION,ACTIVE,2020-11-10,
A000906,SAVINGS,ACTIVE,2021-03-19,
A000907,TRANSACTION,ACTIVE,2021-08-06,
A000908,SAVINGS,DORMANT,2019-06-11,
A000909,TRANSACTION,DORMANT,2022-05-03,
A000910,TRANSACTION,ACTIVE,2023-01-14,
A000911,TRANSACTION,ACTIVE,2019-08-07,
A000912,SAVINGS,CLOSED,2025-09-30,2026-02-05
A000913,TRANSACTION,ACTIVE,2021-07-07,
A000914,TRANSACTION,ACTIVE,2024-03-23,
A000915,TRANSACTION,ACTIVE,2023-05-24,
A000916,SAVINGS,ACTIVE,2018-06-15,
A000917,TRANSACTION,ACTIVE,2025-03-26,
A000918,SAVINGS,DORMANT,2018-09-26,
A000919,TRANSACTION,ACTIVE,2018-10-25,
A000920,TRANSACTION,ACTIVE,2019-06-02,
A000921,SAVINGS,ACTIVE,2019-06-11,
A000922,TRANSACTION,ACTIVE,2021-01-02,
A000923,SAVINGS,ACTIVE,2022-03-21,
A000924,TRANSACTION,ACTIVE,2018-02-15,
A000925,SAVINGS,ACTIVE,2025-06-10,
A000926,TRANSACTION,ACTIVE,2022-12-03,
A000927,TRANSACTION,ACTIVE,2026-05-12,
A000928,TRANSACTION,ACTIVE,2019-11-08,
A000929,TRANSACTION,ACTIVE,2023-06-18,
A000930,SAVINGS,ACTIVE,2022-01-09,
A000931,TRANSACTION,ACTIVE,2020-12-18,
A000932,SAVINGS,DORMANT,2026-06-20,
A000933,SAVINGS,ACTIVE,2024-08-20,
A000934,TRANSACTION,CLOSED,2024-11-09,2026-08-17
A000935,TRANSACTION,ACTIVE,2025-05-21,
A000936,TRANSACTION,ACTIVE,2018-03-25,
A000937,TRANSACTION,ACTIVE,2026-04-18,
A000938,TRANSACTION,ACTIVE,2021-08-04,
A000939,TRANSACTION,ACTIVE,2026-06-25,
A000940,TRANSACTION,ACTIVE,2022-10-17,
A000941,TRANSACTION,ACTIVE,2022-09-15,
A000942,TRANSACTION,ACTIVE,2026-05-15,
A000943,TRANSACTION,ACTIVE,2026-02-04,
A000944,SAVINGS,ACTIVE,2025-02-05,
A000945,SAVINGS,ACTIVE,2020-11-26,
A000946,TRANSACTION,ACTIVE,2024-04-15,
A000947,SAVINGS,ACTIVE,2023-08-12,
A000948,TRANSACTION,ACTIVE,2024-04-24,
A000949,TRANSACTION,ACTIVE,2026-05-29,
A000950,SAVINGS,ACTIVE,2021-12-02,
A000951,TRANSACTION,ACTIVE,2024-12-19,
A000952,TRANSACTION,ACTIVE,2022-11-20,
A000953,TRANSACTION,ACTIVE,2023-11-29,
A000954,SAVINGS,ACTIVE,2026-04-21,
A000955,TRANSACTION,ACTIVE,2023-04-07,
A000956,TRANSACTION,DORMANT,2026-02-21,
A000957,TRANSACTION,ACTIVE,2025-01-16,
A000958,SAVINGS,ACTIVE,2022-07-29,
A000959,TRANSACTION,ACTIVE,2018-07-20,
A000960,TRANSACTION,DORMANT,2026-06-26,
A000961,TRANSACTION,ACTIVE,2018-04-12,
A000962,TRANSACTION,ACTIVE,2019-05-17,
A000963,TRANSACTION,ACTIVE,2022-12-11,
A000964,SAVINGS,ACTIVE,2024-11-10,
A000965,TRANSACTION,ACTIVE,2023-03-13,
A000966,SAVINGS,ACTIVE,2022-08-08,
A000967,SAVINGS,DORMANT,2019-02-24,
A000968,TRANSACTION,ACTIVE,2024-10-24,
A000969,TRANSACTION,ACTIVE,2020-09-04,
A000970,TRANSACTION,DORMANT,2019-08-20,
A000971,SAVINGS,ACTIVE,2026-02-14,
A000972,TRANSACTION,ACTIVE,2021-11-01,
A000973,SAVINGS,ACTIVE,2024-03-02,
A000974,SAVINGS,ACTIVE,2022-06-05,
A000975,TRANSACTION,ACTIVE,2019-10-02,
A000976,TRANSACTION,ACTIVE,2021-11-19,
A000977,TRANSACTION,CLOSED,2018-05-01,2022-06-21
A000978,TRANSACTION,ACTIVE,2020-11-25,
A000979,SAVINGS,ACTIVE,2025-12-25,
A000980,SAVINGS,ACTIVE,2023-05-28,
A000981,TRANSACTION,ACTIVE,2020-07-01,
A000982,SAVINGS,ACTIVE,2026-04-21,
A000983,TRANSACTION,ACTIVE,2018-11-06,
A000984,TRANSACTION,ACTIVE,2018-06-25,
A000985,SAVINGS,ACTIVE,2022-06-14,
A000986,SAVINGS,DORMANT,2023-05-25,
A000987,TRANSACTION,ACTIVE,2018-02-22,
A000988,TRANSACTION,ACTIVE,2022-03-02,
A000989,TRANSACTION,ACTIVE,2020-03-29,
A000990,TRANSACTION,ACTIVE,2023-09-19,
A000991,TRANSACTION,ACTIVE,2026-01-17,
A000992,TRANSACTION,CLOSED,2025-09-18,2026-05-01
A000993,TRANSACTION,ACTIVE,2018-03-02,
A000994,TRANSACTION,DORMANT,2022-10-17,
A000995,TRANSACTION,ACTIVE,2018-12-11,
A000996,TRANSACTION,ACTIVE,2026-05-23,
A000997,TRANSACTION,ACTIVE,2026-01-18,
A000998,TRANSACTION,ACTIVE,2024-06-12,
A000999,TRANSACTION,ACTIVE,2023-11-27,
A001000,TRANSACTION,ACTIVE,2021-01-05,
A001001,SAVINGS,ACTIVE,2026-01-31,
A001002,TRANSACTION,ACTIVE,2019-06-02,
A001003,TRANSACTION,ACTIVE,2018-09-28,
A001004,SAVINGS,ACTIVE,2025-07-06,
A001005,SAVINGS,ACTIVE,2018-09-18,
A001006,TRANSACTION,ACTIVE,2026-04-23,
A001007,TRANSACTION,ACTIVE,2022-01-04,
A001008,SAVINGS,ACTIVE,2026-08-03,
A001009,SAVINGS,DORMANT,2021-05-20,
A001010,TRANSACTION,ACTIVE,2019-11-16,
A001011,TRANSACTION,ACTIVE,2019-07-23,
A001012,TRANSACTION,ACTIVE,2019-06-14,
A001013,SAVINGS,ACTIVE,2024-02-17,
A001014,TRANSACTION,ACTIVE,2025-05-13,
A001015,TRANSACTION,ACTIVE,2024-02-13,
A001016,TRANSACTION,ACTIVE,2019-04-30,
A001017,TRANSACTION,ACTIVE,2018-04-04,
A001018,TRANSACTION,ACTIVE,2025-05-04,
A001019,SAVINGS,ACTIVE,2019-02-07,
A001020,TRANSACTION,ACTIVE,2023-03-10,
A001021,TRANSACTION,ACTIVE,2021-10-11,
A001022,SAVINGS,ACTIVE,2025-03-10,
A001023,TRANSACTION,ACTIVE,2023-03-22,
A001024,TRANSACTION,ACTIVE,2023-06-05,
A001025,SAVINGS,ACTIVE,2018-05-13,
A001026,SAVINGS,ACTIVE,2019-11-29,
A001027,SAVINGS,CLOSED,2019-07-11,2023-08-07
A001028,SAVINGS,ACTIVE,2021-11-27,
A001029,TRANSACTION,ACTIVE,2025-07-21,
A001030,TRANSACTION,ACTIVE,2023-11-26,
A001031,SAVINGS,ACTIVE,2020-01-21,
A001032,SAVINGS,ACTIVE,2020-02-10,
A001033,TRANSACTION,ACTIVE,2019-05-10,
A001034,SAVINGS,ACTIVE,2022-11-13,
A001035,SAVINGS,ACTIVE,2021-05-19,
A001036,TRANSACTION,ACTIVE,2024-06-16,
A001037,TRANSACTION,ACTIVE,2019-06-28,
A001038,TRANSACTION,DORMANT,2021-12-24,
A001039,SAVINGS,ACTIVE,2022-02-21,
A001040,TRANSACTION,ACTIVE,2018-05-13,
A001041,TRANSACTION,ACTIVE,2025-10-02,
A001042,TRANSACTION,ACTIVE,2026-03-16,
A001043,TRANSACTION,ACTIVE,2019-05-03,
A001044,TRANSACTION,ACTIVE,2020-07-23,
A001045,TRANSACTION,ACTIVE,2022-08-15,
A001046,SAVINGS,ACTIVE,2025-08-11,
A001047,TRANSACTION,ACTIVE,2022-08-30,
A001048,TRANSACTION,ACTIVE,2023-06-30,
A001049,SAVINGS,ACTIVE,2023-10-29,
A001050,SAVINGS,ACTIVE,2025-03-21,
A001051,TRANSACTION,ACTIVE,2018-12-18,
A001052,SAVINGS,ACTIVE,2022-10-30,
A001053,TRANSACTION,ACTIVE,2023-07-02,
A001054,SAVINGS,ACTIVE,2022-08-12,
A001055,TRANSACTION,ACTIVE,2026-08-08,
A001056,TRANSACTION,CLOSED,2025-03-01,2026-07-08
A001057,SAVINGS,ACTIVE,2025-04-28,
A001058,SAVINGS,ACTIVE,2019-03-25,
A001059,TRANSACTION,CLOSED,2024-04-16,2026-06-29
A001060,SAVINGS,ACTIVE,2024-11-03,
A001061,TRANSACTION,ACTIVE,2021-03-31,
A001062,TRANSACTION,DORMANT,2023-06-06,
A001063,SAVINGS,ACTIVE,2024-09-17,
A001064,SAVINGS,ACTIVE,2020-11-17,
A001065,TRANSACTION,ACTIVE,2019-10-25,
A001066,SAVINGS,ACTIVE,2018-04-30,
A001067,TRANSACTION,ACTIVE,2025-05-05,
A001068,TRANSACTION,DORMANT,2020-03-19,
A001069,SAVINGS,ACTIVE,2026-04-16,
A001070,TRANSACTION,ACTIVE,2024-12-19,
A001071,SAVINGS,ACTIVE,2019-06-05,
A001072,TRANSACTION,ACTIVE,2019-06-27,
A001073,TRANSACTION,ACTIVE,2019-10-22,
A001074,TRANSACTION,ACTIVE,2024-10-23,
A001075,TRANSACTION,DORMANT,2021-04-15,
A001076,TRANSACTION,ACTIVE,2018-12-23,
A001077,SAVINGS,ACTIVE,2021-12-17,
A001078,SAVINGS,ACTIVE,2023-06-03,
A001079,SAVINGS,ACTIVE,2021-07-19,
A001080,TRANSACTION,ACTIVE,2026-01-04,
A001081,SAVINGS,ACTIVE,2026-01-05,
A001082,TRANSACTION,ACTIVE,2025-08-15,
A001083,TRANSACTION,ACTIVE,2025-10-20,
A001084,SAVINGS,ACTIVE,2025-08-15,
A001085,TRANSACTION,ACTIVE,2021-09-09,
A001086,SAVINGS,CLOSED,2021-12-07,2025-03-19
A001087,TRANSACTION,ACTIVE,2019-09-04,
A001088,TRANSACTION,ACTIVE,2024-09-11,
A001089,SAVINGS,ACTIVE,2018-01-15,
A001090,TRANSACTION,ACTIVE,2021-03-21,
A001091,TRANSACTION,ACTIVE,2023-12-19,
A001092,SAVINGS,ACTIVE,2024-12-10,
A001093,SAVINGS,ACTIVE,2020-10-12,
A001094,TRANSACTION,ACTIVE,2019-01-25,
A001095,SAVINGS,ACTIVE,2023-02-21,
A001096,TRANSACTION,DORMANT,2025-09-09,
A001097,SAVINGS,ACTIVE,2023-07-14,
A001098,TRANSACTION,ACTIVE,2019-09-01,
A001099,TRANSACTION,ACTIVE,2021-12-05,
A001100,TRANSACTION,DORMANT,2019-03-28,
A001101,TRANSACTION,ACTIVE,2020-12-04,
A001102,TRANSACTION,ACTIVE,2020-09-29,
A001103,SAVINGS,ACTIVE,2018-12-27,
A001104,TRANSACTION,ACTIVE,2019-04-23,
A001105,TRANSACTION,ACTIVE,2020-11-30,
A001106,TRANSACTION,ACTIVE,2018-08-19,
A001107,TRANSACTION,ACTIVE,2021-07-01,
A001108,TRANSACTION,ACTIVE,2024-03-08,
A001109,TRANSACTION,ACTIVE,2018-10-14,
A001110,TRANSACTION,DORMANT,2019-12-15,
A001111,SAVINGS,DORMANT,2018-06-28,
A001112,TRANSACTION,ACTIVE,2023-09-26,
A001113,SAVINGS,DORMANT,2024-06-14,
A001114,SAVINGS,ACTIVE,2020-01-10,
A001115,TRANSACTION,ACTIVE,2018-07-12,
A001116,TRANSACTION,ACTIVE,2020-01-18,
A001117,TRANSACTION,ACTIVE,2023-05-02,
A001118,SAVINGS,ACTIVE,2024-12-24,
A001119,SAVINGS,ACTIVE,2023-12-21,
A001120,SAVINGS,ACTIVE,2019-04-13,
A001121,TRANSACTION,ACTIVE,2022-12-22,
A001122,TRANSACTION,ACTIVE,2024-04-11,
A001123,SAVINGS,ACTIVE,2018-09-11,
A001124,TRANSACTION,ACTIVE,2024-12-21,
A001125,TRANSACTION,ACTIVE,2022-02-22,
A001126,TRANSACTION,DORMANT,2018-07-07,
A001127,SAVINGS,CLOSED,2026-02-03,2026-08-08
A001128,TRANSACTION,ACTIVE,2019-07-03,
A001129,TRANSACTION,ACTIVE,2019-02-14,
A001130,TRANSACTION,ACTIVE,2018-11-30,
A001131,TRANSACTION,ACTIVE,2025-08-26,
A001132,TRANSACTION,ACTIVE,2021-12-20,
A001133,TRANSACTION,ACTIVE,2021-09-04,
A001134,TRANSACTION,ACTIVE,2025-02-23,
A001135,TRANSACTION,ACTIVE,2024-10-19,
A001136,SAVINGS,ACTIVE,2025-11-24,
A001137,TRANSACTION,ACTIVE,2018-02-07,
A001138,SAVINGS,ACTIVE,2019-02-01,
A001139,TRANSACTION,DORMANT,2021-05-03,
A001140,SAVINGS,ACTIVE,2019-03-16,
A001141,TRANSACTION,DORMANT,2022-07-24,
A001142,TRANSACTION,ACTIVE,2019-07-24,
A001143,SAVINGS,ACTIVE,2021-08-11,
A001144,SAVINGS,ACTIVE,2021-04-29,
A001145,TRANSACTION,ACTIVE,2023-05-21,
A001146,TRANSACTION,ACTIVE,2023-09-15,
A001147,SAVINGS,DORMANT,2019-02-10,
A001148,TRANSACTION,ACTIVE,2019-11-23,
A001149,TRANSACTION,ACTIVE,2025-09-03,
A001150,TRANSACTION,ACTIVE,2024-04-05,
A001151,SAVINGS,DORMANT,2021-12-13,
A001152,TRANSACTION,ACTIVE,2019-03-19,
A001153,SAVINGS,ACTIVE,2021-02-13,
A001154,TRANSACTION,ACTIVE,2025-10-15,
A001155,SAVINGS,ACTIVE,2023-02-09,
A001156,TRANSACTION,CLOSED,2020-04-26,2026-03-11
A001157,SAVINGS,ACTIVE,2021-03-06,
A001158,TRANSACTION,ACTIVE,2023-08-17,
A001159,TRANSACTION,ACTIVE,2022-01-05,
A001160,TRANSACTION,CLOSED,2025-08-11,2025-11-13
A001161,TRANSACTION,ACTIVE,2024-02-10,
A001162,TRANSACTION,CLOSED,2025-11-12,2026-05-05
A001163,TRANSACTION,ACTIVE,2021-11-01,
A001164,TRANSACTION,ACTIVE,2019-09-04,
A001165,TRANSACTION,ACTIVE,2019-12-31,
A001166,TRANSACTION,ACTIVE,2020-02-09,
A001167,TRANSACTION,ACTIVE,2020-03-26,
A001168,TRANSACTION,CLOSED,2024-10-23,2026-01-22
A001169,TRANSACTION,ACTIVE,2019-04-25,
A001170,SAVINGS,ACTIVE,2022-12-04,
A001171,TRANSACTION,ACTIVE,2023-06-08,
A001172,SAVINGS,ACTIVE,2019-06-14,
A001173,TRANSACTION,ACTIVE,2018-09-27,
A001174,TRANSACTION,CLOSED,2022-12-07,2024-03-04
A001175,TRANSACTION,DORMANT,2018-07-09,
A001176,SAVINGS,ACTIVE,2019-03-04,
A001177,SAVINGS,ACTIVE,2024-03-19,
A001178,TRANSACTION,ACTIVE,2020-11-06,
A001179,TRANSACTION,ACTIVE,2020-02-01,
A001180,TRANSACTION,ACTIVE,2021-07-25,
A001181,TRANSACTION,ACTIVE,2018-03-23,
A001182,SAVINGS,ACTIVE,2021-06-25,
A001183,SAVINGS,CLOSED,2021-09-18,2026-04-25
A001184,SAVINGS,ACTIVE,2025-02-03,
A001185,SAVINGS,ACTIVE,2020-04-28,
A001186,SAVINGS,ACTIVE,2020-06-04,
A001187,SAVINGS,CLOSED,2018-10-02,2025-02-21
A001188,TRANSACTION,ACTIVE,2019-11-18,
A001189,TRANSACTION,ACTIVE,2021-10-13,
A001190,TRANSACTION,CLOSED,2019-04-19,2020-06-10
A001191,TRANSACTION,ACTIVE,2024-12-16,
A001192,SAVINGS,ACTIVE,2024-07-03,
A001193,SAVINGS,ACTIVE,2021-10-11,
A001194,TRANSACTION,ACTIVE,2022-11-30,
A001195,TRANSACTION,ACTIVE,2018-05-06,
A001196,TRANSACTION,ACTIVE,2022-09-23,
A001197,SAVINGS,DORMANT,2023-12-29,
A001198,SAVINGS,ACTIVE,2022-06-26,
A001199,TRANSACTION,DORMANT,2018-08-18,
A001200,TRANSACTION,DORMANT,2023-03-02,
A001201,TRANSACTION,ACTIVE,2020-03-07,
A001202,SAVINGS,DORMANT,2020-01-08,
A001203,SAVINGS,ACTIVE,2023-08-09,
A001204,TRANSACTION,ACTIVE,2026-07-30,
A001205,SAVINGS,ACTIVE,2022-08-06,
A001206,SAVINGS,ACTIVE,2019-05-04,
A001207,TRANSACTION,ACTIVE,2023-12-12,
A001208,SAVINGS,DORMANT,2018-04-27,
A001209,TRANSACTION,ACTIVE,2026-08-14,
A001210,TRANSACTION,ACTIVE,2023-12-01,
A001211,SAVINGS,ACTIVE,2025-08-01,
A001212,TRANSACTION,ACTIVE,2023-05-18,
A001213,TRANSACTION,DORMANT,2022-01-22,
A001214,TRANSACTION,ACTIVE,2026-08-10,
A001215,TRANSACTION,ACTIVE,2020-03-19,
A001216,TRANSACTION,ACTIVE,2021-12-30,
A001217,TRANSACTION,ACTIVE,2021-01-26,
A001218,SAVINGS,ACTIVE,2020-09-16,
A001219,SAVINGS,DORMANT,2025-11-15,
A001220,TRANSACTION,DORMANT,2023-06-21,
A001221,SAVINGS,ACTIVE,2018-05-13,
A001222,SAVINGS,ACTIVE,2019-09-19,
A001223,TRANSACTION,ACTIVE,2020-05-24,
A001224,SAVINGS,DORMANT,2024-05-19,
A001225,SAVINGS,ACTIVE,2020-04-13,
A001226,SAVINGS,ACTIVE,2024-06-28,
A001227,SAVINGS,ACTIVE,2021-06-05,
A001228,TRANSACTION,ACTIVE,2020-02-20,
A001229,TRANSACTION,ACTIVE,2024-05-07,
A001230,SAVINGS,ACTIVE,2020-06-21,
A001231,TRANSACTION,ACTIVE,2019-07-05,
A001232,TRANSACTION,ACTIVE,2025-02-26,
A001233,TRANSACTION,ACTIVE,2019-03-07,
A001234,SAVINGS,ACTIVE,2023-12-13,
A001235,SAVINGS,ACTIVE,2021-11-14,
A001236,TRANSACTION,ACTIVE,2018-05-01,
A001237,SAVINGS,ACTIVE,2018-10-12,
A001238,TRANSACTION,ACTIVE,2020-07-02,
A001239,TRANSACTION,ACTIVE,2025-10-12,
A001240,TRANSACTION,ACTIVE,2019-11-21,
A001241,TRANSACTION,ACTIVE,2023-03-12,
A001242,TRANSACTION,ACTIVE,2022-05-26,
A001243,SAVINGS,ACTIVE,2025-10-02,
A001244,SAVINGS,ACTIVE,2025-08-30,
A001245,TRANSACTION,ACTIVE,2022-10-24,
A001246,SAVINGS,ACTIVE,2021-12-15,
A001247,TRANSACTION,ACTIVE,2024-10-18,
A001248,SAVINGS,ACTIVE,2018-10-23,
A001249,TRANSACTION,ACTIVE,2020-05-08,
A001250,SAVINGS,ACTIVE,2018-11-30,
A000100,SAVINGS,ACTIVE,2022-04-18,
A_BADTYPE,CHEQUE,ACTIVE,2021-03-01,
A_BADDATES,TRANSACTION,CLOSED,2025-09-15,2024-09-15
