customer_id,account_id,holder_role
C000457,A000001,PRIMARY
C000400,A000002,PRIMARY
C000115,A000003,PRIMARY
C000805,A000004,PRIMARY
C000068,A000005,PRIMARY
C000106,A000006,PRIMARY
C000498,A000007,PRIMARY
C000798,A000008,PRIMARY
C000969,A000009,PRIMARY
C000447,A000010,PRIMARY
C000856,A000011,PRIMARY
C000869,A000012,PRIMARY
C000091,A000013,PRIMARY
C000569,A000014,PRIMARY
C000964,A000015,PRIMARY
C000054,A000016,PRIMARY
C000667,A000017,PRIMARY
C000999,A000018,PRIMARY
C000478,A000019,PRIMARY
C000956,A000020,PRIMARY
C000792,A000021,PRIMARY
C000878,A000022,PRIMARY
C000555,A000023,PRIMARY
C000866,A000024,PRIMARY
C000054,A000025,PRIMARY
C000263,A000026,PRIMARY
C000265,A000027,PRIMARY
C000889,A000028,PRIMARY
C000721,A000029,PRIMARY
C000513,A000030,PRIMARY
C000253,A000031,PRIMARY
C000455,A000032,PRIMARY
C000165,A000033,PRIMARY
C000077,A000034,PRIMARY
C000685,A000035,PRIMARY
C000116,A000036,PRIMARY
C000543,A000037,PRIMARY
C000417,A000038,PRIMARY
C000457,A000039,PRIMARY
C000646,A000040,PRIMARY
C000965,A000041,PRIMARY
C000052,A000042,PRIMARY
C000451,A000043,PRIMARY
C000924,A000044,PRIMARY
C000813,A000045,PRIMARY
C000642,A000046,PRIMARY
C000434,A000047,PRIMARY
C000110,A000048,PRIMARY
C000540,A000049,PRIMARY
C000018,A000050,PRIMARY
C000502,A000051,PRIMARY
C000351,A000052,PRIMARY
C000195,A000053,PRIMARY
C000172,A000054,PRIMARY
C000482,A000055,PRIMARY
C000742,A000056,PRIMARY
C000856,A000057,PRIMARY
C000747,A000058,PRIMARY
C000711,A000059,PRIMARY
C000553,A000060,PRIMARY
C000280,A000061,PRIMARY
C000431,A000062,PRIMARY
C000688,A000063,PRIMARY
C000601,A000064,PRIMARY
C000943,A000065,PRIMARY
C000165,A000066,PRIMARY
C000182,A000067,PRIMARY
C000746,A000068,PRIMARY
C000392,A000069,PRIMARY
C000711,A000070,PRIMARY
C000758,A000071,PRIMARY
C000477,A000072,PRIMARY
C000742,A000073,PRIMARY
C000284,A000074,PRIMARY
C000806,A000075,PRIMARY
C000991,A000076,PRIMARY
C000381,A000077,PRIMARY
C000656,A000078,PRIMARY
C000708,A000079,PRIMARY
C000293,A000080,PRIMARY
C000694,A000081,PRIMARY
C000459,A000082,PRIMARY
C000143,A000083,PRIMARY
C000829,A000084,PRIMARY
C000022,A000085,PRIMARY
C000711,A000086,PRIMARY
C000568,A000087,PRIMARY
C000502,A000088,PRIMARY
C000125,A000089,PRIMARY
C000611,A000090,PRIMARY
C000674,A000091,PRIMARY
C000173,A000092,PRIMARY
C000388,A000093,PRIMARY
C000352,A000094,PRIMARY
C000145,A000095,PRIMARY
C000801,A000096,PRIMARY
C000531,A000097,PRIMARY
C000052,A000098,PRIMARY
C000813,A000099,PRIMARY
C000966,A000100,PRIMARY
C000779,A000101,PRIMARY
C000501,A000102,PRIMARY
C000009,A000103,PRIMARY
C000179,A000104,PRIMARY
C000434,A000105,PRIMARY
C000621,A000106,PRIMARY
C000023,A000107,PRIMARY
C000924,A000108,PRIMARY
C000532,A000109,PRIMARY
C000007,A000110,PRIMARY
C000113,A000111,PRIMARY
C000173,A000112,PRIMARY
C000568,A000113,PRIMARY
C000860,A000114,PRIMARY
C000412,A000115,PRIMARY
C000251,A000116,PRIMARY
C000555,A000117,PRIMARY
C000404,A000118,PRIMARY
C000579,A000119,PRIMARY
C000179,A000120,PRIMARY
C000661,A000121,PRIMARY
C000982,A000122,PRIMARY
C000225,A000123,PRIMARY
C000545,A000124,PRIMARY
C000117,A000125,PRIMARY
C000246,A000126,PRIMARY
C000374,A000127,PRIMARY
C000300,A000128,PRIMARY
C000578,A000129,PRIMARY
C000243,A000130,PRIMARY
C000235,A000131,PRIMARY
C000426,A000132,PRIMARY
C000427,A000133,PRIMARY
C000048,A000134,PRIMARY
C000106,A000135,PRIMARY
C000464,A000136,PRIMARY
C000581,A000137,PRIMARY
C000042,A000138,PRIMARY
C000782,A000139,PRIMARY
C000888,A000140,PRIMARY
C000860,A000141,PRIMARY
C000623,A000142,PRIMARY
C000463,A000143,PRIMARY
C000918,A000144,PRIMARY
C000501,A000145,PRIMARY
C000336,A000146,PRIMARY
C000293,A000147,PRIMARY
C000775,A000148,PRIMARY
C000726,A000149,PRIMARY
C000977,A000150,PRIMARY
C000585,A000151,PRIMARY
C000694,A000152,PRIMARY
C000656,A000153,PRIMARY
C000991,A000154,PRIMARY
C000632,A000155,PRIMARY
C000918,A000156,PRIMARY
C000228,A000157,PRIMARY
C000120,A000158,PRIMARY
C000557,A000159,PRIMARY
C000145,A000160,PRIMARY
C000287,A000161,PRIMARY
C000718,A000162,PRIMARY
C000812,A000163,PRIMARY
C000273,A000164,PRIMARY
C000426,A000165,PRIMARY
C000785,A000166,PRIMARY
C000611,A000167,PRIMARY
C000417,A000168,PRIMARY
C000843,A000169,PRIMARY
C000771,A000170,PRIMARY
C000114,A000171,PRIMARY
C000412,A000172,PRIMARY
C000145,A000173,PRIMARY
C000673,A000174,PRIMARY
C000957,A000175,PRIMARY
C000923,A000176,PRIMARY
C000625,A000177,PRIMARY
C000515,A000178,PRIMARY
C000769,A000179,PRIMARY
C000068,A000180,PRIMARY
C000647,A000181,PRIMARY
C000012,A000182,PRIMARY
C000153,A000183,PRIMARY
C000822,A000184,PRIMARY
C000794,A000185,PRIMARY
C000217,A000186,PRIMARY
C000374,A000187,PRIMARY
C000959,A000188,PRIMARY
C000745,A000189,PRIMARY
C000686,A000190,PRIMARY
C000460,A000191,PRIMARY
C000242,A000192,PRIMARY
C000276,A000193,PRIMARY
C000573,A000194,PRIMARY
C000722,A000195,PRIMARY
C000478,A000196,PRIMARY
C000551,A000197,PRIMARY
C000548,A000198,PRIMARY
C000540,A000199,PRIMARY
C000468,A000200,PRIMARY
C000312,A000201,PRIMARY
C000780,A000202,PRIMARY
C000499,A000203,PRIMARY
C000556,A000204,PRIMARY
C000731,A000205,PRIMARY
C000585,A000206,PRIMARY
C000142,A000207,PRIMARY
C000204,A000208,PRIMARY
C000620,A000209,PRIMARY
C000175,A000210,PRIMARY
C000299,A000211,PRIMARY
C000997,A000212,PRIMARY
C000392,A000213,PRIMARY
C000080,A000214,PRIMARY
C000502,A000215,PRIMARY
C000758,A000216,PRIMARY
C000110,A000217,PRIMARY
C000242,A000218,PRIMARY
C000858,A000219,PRIMARY
C000865,A000220,PRIMARY
C000425,A000221,PRIMARY
C000029,A000222,PRIMARY
C000903,A000223,PRIMARY
C000119,A000224,PRIMARY
C000790,A000225,PRIMARY
C000392,A000226,PRIMARY
C000185,A000227,PRIMARY
C000195,A000228,PRIMARY
C000536,A000229,PRIMARY
C000248,A000230,PRIMARY
C000998,A000231,PRIMARY
C000407,A000232,PRIMARY
C000583,A000233,PRIMARY
C000998,A000234,PRIMARY
C000935,A000235,PRIMARY
C000889,A000236,PRIMARY
C000212,A000237,PRIMARY
C000066,A000238,PRIMARY
C000662,A000239,PRIMARY
C000216,A000240,PRIMARY
C000390,A000241,PRIMARY
C000965,A000242,PRIMARY
C000407,A000243,PRIMARY
C000007,A000244,PRIMARY
C000651,A000245,PRIMARY
C000824,A000246,PRIMARY
C000736,A000247,PRIMARY
C000145,A000248,PRIMARY
C000048,A000249,PRIMARY
C000986,A000250,PRIMARY
C000588,A000251,PRIMARY
C000060,A000252,PRIMARY
C000938,A000253,PRIMARY
C000889,A000254,PRIMARY
C000487,A000255,PRIMARY
C000711,A000256,PRIMARY
C000159,A000257,PRIMARY
C000620,A000258,PRIMARY
C000106,A000259,PRIMARY
C000085,A000260,PRIMARY
C000931,A000261,PRIMARY
C000425,A000262,PRIMARY
C000669,A000263,PRIMARY
C000039,A000264,PRIMARY
C000799,A000265,PRIMARY
C000515,A000266,PRIMARY
C000448,A000267,PRIMARY
C000160,A000268,PRIMARY
C000700,A000269,PRIMARY
C000227,A000270,PRIMARY
C000546,A000271,PRIMARY
C000375,A000272,PRIMARY
C000568,A000273,PRIMARY
C000444,A000274,PRIMARY
C000562,A000275,PRIMARY
C000635,A000276,PRIMARY
C000611,A000277,PRIMARY
C000132,A000278,PRIMARY
C000405,A000279,PRIMARY
C000868,A000280,PRIMARY
C000153,A000281,PRIMARY
C000694,A000282,PRIMARY
C000022,A000283,PRIMARY
C000498,A000284,PRIMARY
C000911,A000285,PRIMARY
C000824,A000286,PRIMARY
C000694,A000287,PRIMARY
C000202,A000288,PRIMARY
C000889,A000289,PRIMARY
C000008,A000290,PRIMARY
C000931,A000291,PRIMARY
C000260,A000292,PRIMARY
C000998,A000293,PRIMARY
C000874,A000294,PRIMARY
C000020,A000295,PRIMARY
C000956,A000296,PRIMARY
C000446,A000297,PRIMARY
C000250,A000298,PRIMARY
C000176,A000299,PRIMARY
C000852,A000300,PRIMARY
C000263,A000301,PRIMARY
C000999,A000302,PRIMARY
C000693,A000303,PRIMARY
C000333,A000304,PRIMARY
C000115,A000305,PRIMARY
C000448,A000306,PRIMARY
C000276,A000307,PRIMARY
C000582,A000308,PRIMARY
C000513,A000309,PRIMARY
C000125,A000310,PRIMARY
C000036,A000311,PRIMARY
C000592,A000312,PRIMARY
C000810,A000313,PRIMARY
C000018,A000314,PRIMARY
C000497,A000315,PRIMARY
C000930,A000316,PRIMARY
C000211,A000317,PRIMARY
C000547,A000318,PRIMARY
C000664,A000319,PRIMARY
C000478,A000320,PRIMARY
C000806,A000321,PRIMARY
C000650,A000322,PRIMARY
C000407,A000323,PRIMARY
C000894,A000324,PRIMARY
C000974,A000325,PRIMARY
C000970,A000326,PRIMARY
C000719,A000327,PRIMARY
C000378,A000328,PRIMARY
C000972,A000329,PRIMARY
C000701,A000330,PRIMARY
C000586,A000331,PRIMARY
C000095,A000332,PRIMARY
C000364,A000333,PRIMARY
C000323,A000334,PRIMARY
C000095,A000335,PRIMARY
C000176,A000336,PRIMARY
C000307,A000337,PRIMARY
C000379,A000338,PRIMARY
C000801,A000339,PRIMARY
C000997,A000340,PRIMARY
C000424,A000341,PRIMARY
C000509,A000342,PRIMARY
C000324,A000343,PRIMARY
C000920,A000344,PRIMARY
C000839,A000345,PRIMARY
C000220,A000346,PRIMARY
C000087,A000347,PRIMARY
C000805,A000348,PRIMARY
C000206,A000349,PRIMARY
C000936,A000350,PRIMARY
C000916,A000351,PRIMARY
C000324,A000352,PRIMARY
C000383,A000353,PRIMARY
C000201,A000354,PRIMARY
C000157,A000355,PRIMARY
C000169,A000356,PRIMARY
C000971,A000357,PRIMARY
C000590,A000358,PRIMARY
C000721,A000359,PRIMARY
C000839,A000360,PRIMARY
C000153,A000361,PRIMARY
C000457,A000362,PRIMARY
C000656,A000363,PRIMARY
C000836,A000364,PRIMARY
C000404,A000365,PRIMARY
C000408,A000366,PRIMARY
C000839,A000367,PRIMARY
C000555,A000368,PRIMARY
C000138,A000369,PRIMARY
C000310,A000370,PRIMARY
C000642,A000371,PRIMARY
C000152,A000372,PRIMARY
C000024,A000373,PRIMARY
C000116,A000374,PRIMARY
C000743,A000375,PRIMARY
C000425,A000376,PRIMARY
C000821,A000377,PRIMARY
C000264,A000378,PRIMARY
C000012,A000379,PRIMARY
C000569,A000380,PRIMARY
C000843,A000381,PRIMARY
C000565,A000382,PRIMARY
C000695,A000383,PRIMARY
C000056,A000384,PRIMARY
C000091,A000385,PRIMARY
C000104,A000386,PRIMARY
C000058,A000387,PRIMARY
C000940,A000388,PRIMARY
C000699,A000389,PRIMARY
C000181,A000390,PRIMARY
C000546,A000391,PRIMARY
C000249,A000392,PRIMARY
C000711,A000393,PRIMARY
C000943,A000394,PRIMARY
C000719,A000395,PRIMARY
C000999,A000396,PRIMARY
C000826,A000397,PRIMARY
C000504,A000398,PRIMARY
C000157,A000399,PRIMARY
C000845,A000400,PRIMARY
C000020,A000401,PRIMARY
C000059,A000402,PRIMARY
C000352,A000403,PRIMARY
C000928,A000404,PRIMARY
C000659,A000405,PRIMARY
C000029,A000406,PRIMARY
C000693,A000407,PRIMARY
C000225,A000408,PRIMARY
C000417,A000409,PRIMARY
C000863,A000410,PRIMARY
C000999,A000411,PRIMARY
C000307,A000412,PRIMARY
C000625,A000413,PRIMARY
C000129,A000414,PRIMARY
C000774,A000415,PRIMARY
C000276,A000416,PRIMARY
C000848,A000417,PRIMARY
C000650,A000418,PRIMARY
C000321,A000419,PRIMARY
C000546,A000420,PRIMARY
C000356,A000421,PRIMARY
C000025,A000422,PRIMARY
C000094,A000423,PRIMARY
C000806,A000424,PRIMARY
C000494,A000425,PRIMARY
C000145,A000426,PRIMARY
C000721,A000427,PRIMARY
C000865,A000428,PRIMARY
C000164,A000429,PRIMARY
C000931,A000430,PRIMARY
C000389,A000431,PRIMARY
C000789,A000432,PRIMARY
C000852,A000433,PRIMARY
C000229,A000434,PRIMARY
C000197,A000435,PRIMARY
C000509,A000436,PRIMARY
C000125,A000437,PRIMARY
C000596,A000438,PRIMARY
C000830,A000439,PRIMARY
C000222,A000440,PRIMARY
C000476,A000441,PRIMARY
C000857,A000442,PRIMARY
C000811,A000443,PRIMARY
C000959,A000444,PRIMARY
C000197,A000445,PRIMARY
C000965,A000446,PRIMARY
C000135,A000447,PRIMARY
C000794,A000448,PRIMARY
C000251,A000449,PRIMARY
C000381,A000450,PRIMARY
C000563,A000451,PRIMARY
C000431,A000452,PRIMARY
C000938,A000453,PRIMARY
C000012,A000454,PRIMARY
C000431,A000455,PRIMARY
C000483,A000456,PRIMARY
C000712,A000457,PRIMARY
C000287,A000458,PRIMARY
C000695,A000459,PRIMARY
C000088,A000460,PRIMARY
C000547,A000461,PRIMARY
C000806,A000462,PRIMARY
C000643,A000463,PRIMARY
C000323,A000464,PRIMARY
C000717,A000465,PRIMARY
C000740,A000466,PRIMARY
C000212,A000467,PRIMARY
C000170,A000468,PRIMARY
C000070,A000469,PRIMARY
C000905,A000470,PRIMARY
C000165,A000471,PRIMARY
C000791,A000472,PRIMARY
C000340,A000473,PRIMARY
C000569,A000474,PRIMARY
C000691,A000475,PRIMARY
C000834,A000476,PRIMARY
C000298,A000477,PRIMARY
C000835,A000478,PRIMARY
C000534,A000479,PRIMARY
C000633,A000480,PRIMARY
C000001,A000481,PRIMARY
C000569,A000482,PRIMARY
C000202,A000483,PRIMARY
C000711,A000484,PRIMARY
C000888,A000485,PRIMARY
C000692,A000486,PRIMARY
C000426,A000487,PRIMARY
C000404,A000488,PRIMARY
C000374,A000489,PRIMARY
C000299,A000490,PRIMARY
C000019,A000491,PRIMARY
C000438,A000492,PRIMARY
C000971,A000493,PRIMARY
C000464,A000494,PRIMARY
C000708,A000495,PRIMARY
C000754,A000496,PRIMARY
C000082,A000497,PRIMARY
C000810,A000498,PRIMARY
C000681,A000499,PRIMARY
C000545,A000500,PRIMARY
C000129,A000501,PRIMARY
C000947,A000502,PRIMARY
C000312,A000503,PRIMARY
C000982,A000504,PRIMARY
C000022,A000505,PRIMARY
C000425,A000506,PRIMARY
C000011,A000507,PRIMARY
C000738,A000508,PRIMARY
C000783,A000509,PRIMARY
C000833,A000510,PRIMARY
C000726,A000511,PRIMARY
C000972,A000512,PRIMARY
C000132,A000513,PRIMARY
C000377,A000514,PRIMARY
C000340,A000515,PRIMARY
C000446,A000516,PRIMARY
C000837,A000517,PRIMARY
C000222,A000518,PRIMARY
C000191,A000519,PRIMARY
C000993,A000520,PRIMARY
C000675,A000521,PRIMARY
C000865,A000522,PRIMARY
C000843,A000523,PRIMARY
C000261,A000524,PRIMARY
C000374,A000525,PRIMARY
C000298,A000526,PRIMARY
C000632,A000527,PRIMARY
C000678,A000528,PRIMARY
C000685,A000529,PRIMARY
C000739,A000530,PRIMARY
C000080,A000531,PRIMARY
C000313,A000532,PRIMARY
C000564,A000533,PRIMARY
C000717,A000534,PRIMARY
C000858,A000535,PRIMARY
C000077,A000536,PRIMARY
C000593,A000537,PRIMARY
C000293,A000538,PRIMARY
C000024,A000539,PRIMARY
C000248,A000540,PRIMARY
C000039,A000541,PRIMARY
C000222,A000542,PRIMARY
C000246,A000543,PRIMARY
C000969,A000544,PRIMARY
C000499,A000545,PRIMARY
C000194,A000546,PRIMARY
C000473,A000547,PRIMARY
C000199,A000548,PRIMARY
C000129,A000549,PRIMARY
C000388,A000550,PRIMARY
C000142,A000551,PRIMARY
C000544,A000552,PRIMARY
C000765,A000553,PRIMARY
C000574,A000554,PRIMARY
C000379,A000555,PRIMARY
C000355,A000556,PRIMARY
C000944,A000557,PRIMARY
C000888,A000558,PRIMARY
C000902,A000559,PRIMARY
C000217,A000560,PRIMARY
C000379,A000561,PRIMARY
C000246,A000562,PRIMARY
C000192,A000563,PRIMARY
C000809,A000564,PRIMARY
C000171,A000565,PRIMARY
C000296,A000566,PRIMARY
C000481,A000567,PRIMARY
C000976,A000568,PRIMARY
C000826,A000569,PRIMARY
C000582,A000570,PRIMARY
C000336,A000571,PRIMARY
C000597,A000572,PRIMARY
C000558,A000573,PRIMARY
C000755,A000574,PRIMARY
C000998,A000575,PRIMARY
C000821,A000576,PRIMARY
C000681,A000577,PRIMARY
C000464,A000578,PRIMARY
C000442,A000579,PRIMARY
C000621,A000580,PRIMARY
C000446,A000581,PRIMARY
C000823,A000582,PRIMARY
C000086,A000583,PRIMARY
C000145,A000584,PRIMARY
C000826,A000585,PRIMARY
C000544,A000586,PRIMARY
C000938,A000587,PRIMARY
C000537,A000588,PRIMARY
C000940,A000589,PRIMARY
C000379,A000590,PRIMARY
C000512,A000591,PRIMARY
C000712,A000592,PRIMARY
C000023,A000593,PRIMARY
C000813,A000594,PRIMARY
C000132,A000595,PRIMARY
C000323,A000596,PRIMARY
C000889,A000597,PRIMARY
C000561,A000598,PRIMARY
C000132,A000599,PRIMARY
C000187,A000600,PRIMARY
C000331,A000601,PRIMARY
C000618,A000602,PRIMARY
C000313,A000603,PRIMARY
C000527,A000604,PRIMARY
C000708,A000605,PRIMARY
C000141,A000606,PRIMARY
C000661,A000607,PRIMARY
C000002,A000608,PRIMARY
C000724,A000609,PRIMARY
C000971,A000610,PRIMARY
C000086,A000611,PRIMARY
C000099,A000612,PRIMARY
C000374,A000613,PRIMARY
C000711,A000614,PRIMARY
C000431,A000615,PRIMARY
C000997,A000616,PRIMARY
C000857,A000617,PRIMARY
C000685,A000618,PRIMARY
C000546,A000619,PRIMARY
C000544,A000620,PRIMARY
C000904,A000621,PRIMARY
C000114,A000622,PRIMARY
C000645,A000623,PRIMARY
C000188,A000624,PRIMARY
C000282,A000625,PRIMARY
C000298,A000626,PRIMARY
C000505,A000627,PRIMARY
C000938,A000628,PRIMARY
C000757,A000629,PRIMARY
C000738,A000630,PRIMARY
C000588,A000631,PRIMARY
C000389,A000632,PRIMARY
C000418,A000633,PRIMARY
C000058,A000634,PRIMARY
C000253,A000635,PRIMARY
C000797,A000636,PRIMARY
C000110,A000637,PRIMARY
C000229,A000638,PRIMARY
C000683,A000639,PRIMARY
C000056,A000640,PRIMARY
C000002,A000641,PRIMARY
C000165,A000642,PRIMARY
C000995,A000643,PRIMARY
C000604,A000644,PRIMARY
C000436,A000645,PRIMARY
C000464,A000646,PRIMARY
C000015,A000647,PRIMARY
C000189,A000648,PRIMARY
C000646,A000649,PRIMARY
C000762,A000650,PRIMARY
C000167,A000651,PRIMARY
C000079,A000652,PRIMARY
C000938,A000653,PRIMARY
C000354,A000654,PRIMARY
C000605,A000655,PRIMARY
C000610,A000656,PRIMARY
C000509,A000657,PRIMARY
C000845,A000658,PRIMARY
C000582,A000659,PRIMARY
C000420,A000660,PRIMARY
C000537,A000661,PRIMARY
C000938,A000662,PRIMARY
C000059,A000663,PRIMARY
C000125,A000664,PRIMARY
C000173,A000665,PRIMARY
C000736,A000666,PRIMARY
C000642,A000667,PRIMARY
C000623,A000668,PRIMARY
C000075,A000669,PRIMARY
C000901,A000670,PRIMARY
C000930,A000671,PRIMARY
C000426,A000672,PRIMARY
C000134,A000673,PRIMARY
C000831,A000674,PRIMARY
C000843,A000675,PRIMARY
C000434,A000676,PRIMARY
C000377,A000677,PRIMARY
C000717,A000678,PRIMARY
C000842,A000679,PRIMARY
C000882,A000680,PRIMARY
C000553,A000681,PRIMARY
C000007,A000682,PRIMARY
C000950,A000683,PRIMARY
C000634,A000684,PRIMARY
C000691,A000685,PRIMARY
C000669,A000686,PRIMARY
C000468,A000687,PRIMARY
C000832,A000688,PRIMARY
C000669,A000689,PRIMARY
C000955,A000690,PRIMARY
C000627,A000691,PRIMARY
C000567,A000692,PRIMARY
C000010,A000693,PRIMARY
C000661,A000694,PRIMARY
C000356,A000695,PRIMARY
C000669,A000696,PRIMARY
C000564,A000697,PRIMARY
C000693,A000698,PRIMARY
C000650,A000699,PRIMARY
C000508,A000700,PRIMARY
C000231,A000701,PRIMARY
C000165,A000702,PRIMARY
C000167,A000703,PRIMARY
C000224,A000704,PRIMARY
C000924,A000705,PRIMARY
C000404,A000706,PRIMARY
C000342,A000707,PRIMARY
C000116,A000708,PRIMARY
C000634,A000709,PRIMARY
C000317,A000710,PRIMARY
C000595,A000711,PRIMARY
C000769,A000712,PRIMARY
C000842,A000713,PRIMARY
C000752,A000714,PRIMARY
C000513,A000715,PRIMARY
C000684,A000716,PRIMARY
C000050,A000717,PRIMARY
C000768,A000718,PRIMARY
C000085,A000719,PRIMARY
C000357,A000720,PRIMARY
C000748,A000721,PRIMARY
C000859,A000722,PRIMARY
C000993,A000723,PRIMARY
C000580,A000724,PRIMARY
C000293,A000725,PRIMARY
C000203,A000726,PRIMARY
C000219,A000727,PRIMARY
C000683,A000728,PRIMARY
C000082,A000729,PRIMARY
C000082,A000730,PRIMARY
C000070,A000731,PRIMARY
C000652,A000732,PRIMARY
C000669,A000733,PRIMARY
C000918,A000734,PRIMARY
C000383,A000735,PRIMARY
C000050,A000736,PRIMARY
C000242,A000737,PRIMARY
C000882,A000738,PRIMARY
C000154,A000739,PRIMARY
C000878,A000740,PRIMARY
C000088,A000741,PRIMARY
C000575,A000742,PRIMARY
C000545,A000743,PRIMARY
C000683,A000744,PRIMARY
C000979,A000745,PRIMARY
C000282,A000746,PRIMARY
C000244,A000747,PRIMARY
C000293,A000748,PRIMARY
C000681,A000749,PRIMARY
C000878,A000750,PRIMARY
C000153,A000751,PRIMARY
C000835,A000752,PRIMARY
C000790,A000753,PRIMARY
C000451,A000754,PRIMARY
C000647,A000755,PRIMARY
C000096,A000756,PRIMARY
C000363,A000757,PRIMARY
C000852,A000758,PRIMARY
C000585,A000759,PRIMARY
C000195,A000760,PRIMARY
C000452,A000761,PRIMARY
C000396,A000762,PRIMARY
C000374,A000763,PRIMARY
C000299,A000764,PRIMARY
C000364,A000765,PRIMARY
C000676,A000766,PRIMARY
C000979,A000767,PRIMARY
C000463,A000768,PRIMARY
C000642,A000769,PRIMARY
C000422,A000770,PRIMARY
C000946,A000771,PRIMARY
C000628,A000772,PRIMARY
C000316,A000773,PRIMARY
C000312,A000774,PRIMARY
C000499,A000775,PRIMARY
C000267,A000776,PRIMARY
C000678,A000777,PRIMARY
C000191,A000778,PRIMARY
C000077,A000779,PRIMARY
C000999,A000780,PRIMARY
C000006,A000781,PRIMARY
C000230,A000782,PRIMARY
C000424,A000783,PRIMARY
C000087,A000784,PRIMARY
C000502,A000785,PRIMARY
C000371,A000786,PRIMARY
C000611,A000787,PRIMARY
C000024,A000788,PRIMARY
C000522,A000789,PRIMARY
C000739,A000790,PRIMARY
C000185,A000791,PRIMARY
C000296,A000792,PRIMARY
C000739,A000793,PRIMARY
C000406,A000794,PRIMARY
C000446,A000795,PRIMARY
C000577,A000796,PRIMARY
C000999,A000797,PRIMARY
C000227,A000798,PRIMARY
C000242,A000799,PRIMARY
C000203,A000800,PRIMARY
C000173,A000801,PRIMARY
C000569,A000802,PRIMARY
C000835,A000803,PRIMARY
C000798,A000804,PRIMARY
C000152,A000805,PRIMARY
C000772,A000806,PRIMARY
C000475,A000807,PRIMARY
C000791,A000808,PRIMARY
C000134,A000809,PRIMARY
C000114,A000810,PRIMARY
C000321,A000811,PRIMARY
C000336,A000812,PRIMARY
C000771,A000813,PRIMARY
C000888,A000814,PRIMARY
C000681,A000815,PRIMARY
C000457,A000816,PRIMARY
C000322,A000817,PRIMARY
C000143,A000818,PRIMARY
C000436,A000819,PRIMARY
C000370,A000820,PRIMARY
C000441,A000821,PRIMARY
C000024,A000822,PRIMARY
C000173,A000823,PRIMARY
C000634,A000824,PRIMARY
C000077,A000825,PRIMARY
C000122,A000826,PRIMARY
C000029,A000827,PRIMARY
C000207,A000828,PRIMARY
C000148,A000829,PRIMARY
C000219,A000830,PRIMARY
C000969,A000831,PRIMARY
C000718,A000832,PRIMARY
C000178,A000833,PRIMARY
C000777,A000834,PRIMARY
C000408,A000835,PRIMARY
C000594,A000836,PRIMARY
C000761,A000837,PRIMARY
C000805,A000838,PRIMARY
C000994,A000839,PRIMARY
C000148,A000840,PRIMARY
C000943,A000841,PRIMARY
C000258,A000842,PRIMARY
C000331,A000843,PRIMARY
C000977,A000844,PRIMARY
C000390,A000845,PRIMARY
C000287,A000846,PRIMARY
C000807,A000847,PRIMARY
C000630,A000848,PRIMARY
C000683,A000849,PRIMARY
C000403,A000850,PRIMARY
C000745,A000851,PRIMARY
C000722,A000852,PRIMARY
C000843,A000853,PRIMARY
C000650,A000854,PRIMARY
C000202,A000855,PRIMARY
C000875,A000856,PRIMARY
C000066,A000857,PRIMARY
C000663,A000858,PRIMARY
C000636,A000859,PRIMARY
C000079,A000860,PRIMARY
C000474,A000861,PRIMARY
C000349,A000862,PRIMARY
C000768,A000863,PRIMARY
C000156,A000864,PRIMARY
C000009,A000865,PRIMARY
C000774,A000866,PRIMARY
C000046,A000867,PRIMARY
C000422,A000868,PRIMARY
C000655,A000869,PRIMARY
C000634,A000870,PRIMARY
C000211,A000871,PRIMARY
C000774,A000872,PRIMARY
C000509,A000873,PRIMARY
C000135,A000874,PRIMARY
C000307,A000875,PRIMARY
C000843,A000876,PRIMARY
C000031,A000877,PRIMARY
C000184,A000878,PRIMARY
C000229,A000879,PRIMARY
C000789,A000880,PRIMARY
C000252,A000881,PRIMARY
C000860,A000882,PRIMARY
C000794,A000883,PRIMARY
C000015,A000884,PRIMARY
C000556,A000885,PRIMARY
C000810,A000886,PRIMARY
C000304,A000887,PRIMARY
C000969,A000888,PRIMARY
C000982,A000889,PRIMARY
C000777,A000890,PRIMARY
C000721,A000891,PRIMARY
C000165,A000892,PRIMARY
C000327,A000893,PRIMARY
C000369,A000894,PRIMARY
C000313,A000895,PRIMARY
C000424,A000896,PRIMARY
C000227,A000897,PRIMARY
C000407,A000898,PRIMARY
C000987,A000899,PRIMARY
C000393,A000900,PRIMARY
C000370,A000901,PRIMARY
C000714,A000902,PRIMARY
C000776,A000903,PRIMARY
C000973,A000904,PRIMARY
C000296,A000905,PRIMARY
C000860,A000906,PRIMARY
C000389,A000907,PRIMARY
C000387,A000908,PRIMARY
C000565,A000909,PRIMARY
C000737,A000910,PRIMARY
C000381,A000911,PRIMARY
C000726,A000912,PRIMARY
C000863,A000913,PRIMARY
C000963,A000914,PRIMARY
C000937,A000915,PRIMARY
C000585,A000916,PRIMARY
C000334,A000917,PRIMARY
C000643,A000918,PRIMARY
C000515,A000919,PRIMARY
C000431,A000920,PRIMARY
C000530,A000921,PRIMARY
C000459,A000922,PRIMARY
C000785,A000923,PRIMARY
C000530,A000924,PRIMARY
C000058,A000925,PRIMARY
C000621,A000926,PRIMARY
C000998,A000927,PRIMARY
C000127,A000928,PRIMARY
C000024,A000929,PRIMARY
C000046,A000930,PRIMARY
C000323,A000931,PRIMARY
C000569,A000932,PRIMARY
C000082,A000933,PRIMARY
C000559,A000934,PRIMARY
C000881,A000935,PRIMARY
C000408,A000936,PRIMARY
C000638,A000937,PRIMARY
C000389,A000938,PRIMARY
C000701,A000939,PRIMARY
C000419,A000940,PRIMARY
C000357,A000941,PRIMARY
C000648,A000942,PRIMARY
C000914,A000943,PRIMARY
C000691,A000944,PRIMARY
C000576,A000945,PRIMARY
C000726,A000946,PRIMARY
C000669,A000947,PRIMARY
C000125,A000948,PRIMARY
C000268,A000949,PRIMARY
C000119,A000950,PRIMARY
C000758,A000951,PRIMARY
C000112,A000952,PRIMARY
C000421,A000953,PRIMARY
C000682,A000954,PRIMARY
C000845,A000955,PRIMARY
C000694,A000956,PRIMARY
C000211,A000957,PRIMARY
C000667,A000958,PRIMARY
C000852,A000959,PRIMARY
C000692,A000960,PRIMARY
C000494,A000961,PRIMARY
C000091,A000962,PRIMARY
C000768,A000963,PRIMARY
C000930,A000964,PRIMARY
C000099,A000965,PRIMARY
C000496,A000966,PRIMARY
C000499,A000967,PRIMARY
C000638,A000968,PRIMARY
C000029,A000969,PRIMARY
C000938,A000970,PRIMARY
C000929,A000971,PRIMARY
C000738,A000972,PRIMARY
C000555,A000973,PRIMARY
C000667,A000974,PRIMARY
C000299,A000975,PRIMARY
C000647,A000976,PRIMARY
C000026,A000977,PRIMARY
C000663,A000978,PRIMARY
C000911,A000979,PRIMARY
C000652,A000980,PRIMARY
C000293,A000981,PRIMARY
C000128,A000982,PRIMARY
C000185,A000983,PRIMARY
C000991,A000984,PRIMARY
C000789,A000985,PRIMARY
C000989,A000986,PRIMARY
C000077,A000987,PRIMARY
C000112,A000988,PRIMARY
C000227,A000989,PRIMARY
C000972,A000990,PRIMARY
C000771,A000991,PRIMARY
C000617,A000992,PRIMARY
C000790,A000993,PRIMARY
C000646,A000994,PRIMARY
C000434,A000995,PRIMARY
C000316,A000996,PRIMARY
C000912,A000997,PRIMARY
C000956,A000998,PRIMARY
C000627,A000999,PRIMARY
C000253,A001000,PRIMARY
C000112,A001001,PRIMARY
C000434,A001002,PRIMARY
C000087,A001003,PRIMARY
C000449,A001004,PRIMARY
C000574,A001005,PRIMARY
C000685,A001006,PRIMARY
C000739,A001007,PRIMARY
C000287,A001008,PRIMARY
C000835,A001009,PRIMARY
C000333,A001010,PRIMARY
C000611,A001011,PRIMARY
C000364,A001012,PRIMARY
C000553,A001013,PRIMARY
C000346,A001014,PRIMARY
C000218,A001015,PRIMARY
C000998,A001016,PRIMARY
C000683,A001017,PRIMARY
C000578,A001018,PRIMARY
C000242,A001019,PRIMARY
C000647,A001020,PRIMARY
C000344,A001021,PRIMARY
C000979,A001022,PRIMARY
C000553,A001023,PRIMARY
C000320,A001024,PRIMARY
C000835,A001025,PRIMARY
C000282,A001026,PRIMARY
C000617,A001027,PRIMARY
C000086,A001028,PRIMARY
C000475,A001029,PRIMARY
C000635,A001030,PRIMARY
C000372,A001031,PRIMARY
C000938,A001032,PRIMARY
C000301,A001033,PRIMARY
C000737,A001034,PRIMARY
C000904,A001035,PRIMARY
C000664,A001036,PRIMARY
C000251,A001037,PRIMARY
C000836,A001038,PRIMARY
C000228,A001039,PRIMARY
C000965,A001040,PRIMARY
C000437,A001041,PRIMARY
C000508,A001042,PRIMARY
C000141,A001043,PRIMARY
C000178,A001044,PRIMARY
C000229,A001045,PRIMARY
C000758,A001046,PRIMARY
C000235,A001047,PRIMARY
C000520,A001048,PRIMARY
C000315,A001049,PRIMARY
C000466,A001050,PRIMARY
C000798,A001051,PRIMARY
C000784,A001052,PRIMARY
C000433,A001053,PRIMARY
C000250,A001054,PRIMARY
C000900,A001055,PRIMARY
C000068,A001056,PRIMARY
C000254,A001057,PRIMARY
C000230,A001058,PRIMARY
C000921,A001059,PRIMARY
C000621,A001060,PRIMARY
C000276,A001061,PRIMARY
C000583,A001062,PRIMARY
C000134,A001063,PRIMARY
C000494,A001064,PRIMARY
C000858,A001065,PRIMARY
C000868,A001066,PRIMARY
C000863,A001067,PRIMARY
C000997,A001068,PRIMARY
C000513,A001069,PRIMARY
C000994,A001070,PRIMARY
C000923,A001071,PRIMARY
C000878,A001072,PRIMARY
C000824,A001073,PRIMARY
C000396,A001074,PRIMARY
C000572,A001075,PRIMARY
C000974,A001076,PRIMARY
C000455,A001077,PRIMARY
C000419,A001078,PRIMARY
C000026,A001079,PRIMARY
C000513,A001080,PRIMARY
C000833,A001081,PRIMARY
C000233,A001082,PRIMARY
C000597,A001083,PRIMARY
C000673,A001084,PRIMARY
C000936,A001085,PRIMARY
C000881,A001086,PRIMARY
C000611,A001087,PRIMARY
C000537,A001088,PRIMARY
C000579,A001089,PRIMARY
C000904,A001090,PRIMARY
C000170,A001091,PRIMARY
C000799,A001092,PRIMARY
C000999,A001093,PRIMARY
C000307,A001094,PRIMARY
C000589,A001095,PRIMARY
C000852,A001096,PRIMARY
C000785,A001097,PRIMARY
C000316,A001098,PRIMARY
C000576,A001099,PRIMARY
C000965,A001100,PRIMARY
C000205,A001101,PRIMARY
C000708,A001102,PRIMARY
C000088,A001103,PRIMARY
C000129,A001104,PRIMARY
C000129,A001105,PRIMARY
C000006,A001106,PRIMARY
C000508,A001107,PRIMARY
C000844,A001108,PRIMARY
C000643,A001109,PRIMARY
C000444,A001110,PRIMARY
C000831,A001111,PRIMARY
C000843,A001112,PRIMARY
C000349,A001113,PRIMARY
C000172,A001114,PRIMARY
C000074,A001115,PRIMARY
C000638,A001116,PRIMARY
C000853,A001117,PRIMARY
C000187,A001118,PRIMARY
C000871,A001119,PRIMARY
C000722,A001120,PRIMARY
C000839,A001121,PRIMARY
C000320,A001122,PRIMARY
C000918,A001123,PRIMARY
C000380,A001124,PRIMARY
C000833,A001125,PRIMARY
C000185,A001126,PRIMARY
C000810,A001127,PRIMARY
C000878,A001128,PRIMARY
C000998,A001129,PRIMARY
C000739,A001130,PRIMARY
C000112,A001131,PRIMARY
C000600,A001132,PRIMARY
C000992,A001133,PRIMARY
C000157,A001134,PRIMARY
C000216,A001135,PRIMARY
C000242,A001136,PRIMARY
C000574,A001137,PRIMARY
C000293,A001138,PRIMARY
C000228,A001139,PRIMARY
C000407,A001140,PRIMARY
C000561,A001141,PRIMARY
C000527,A001142,PRIMARY
C000320,A001143,PRIMARY
C000091,A001144,PRIMARY
C000229,A001145,PRIMARY
C000685,A001146,PRIMARY
C000840,A001147,PRIMARY
C000444,A001148,PRIMARY
C000981,A001149,PRIMARY
C000771,A001150,PRIMARY
C000855,A001151,PRIMARY
C000385,A001152,PRIMARY
C000755,A001153,PRIMARY
C000814,A001154,PRIMARY
C000894,A001155,PRIMARY
C000704,A001156,PRIMARY
C000938,A001157,PRIMARY
C000776,A001158,PRIMARY
C000531,A001159,PRIMARY
C000079,A001160,PRIMARY
C000156,A001161,PRIMARY
C000791,A001162,PRIMARY
C000408,A001163,PRIMARY
C000336,A001164,PRIMARY
C000527,A001165,PRIMARY
C000287,A001166,PRIMARY
C000765,A001167,PRIMARY
C000296,A001168,PRIMARY
C000436,A001169,PRIMARY
C000971,A001170,PRIMARY
C000532,A001171,PRIMARY
C000558,A001172,PRIMARY
C000844,A001173,PRIMARY
C000785,A001174,PRIMARY
C000323,A001175,PRIMARY
C000307,A001176,PRIMARY
C000928,A001177,PRIMARY
C000344,A001178,PRIMARY
C000737,A001179,PRIMARY
C000792,A001180,PRIMARY
C000854,A001181,PRIMARY
C000196,A001182,PRIMARY
C000596,A001183,PRIMARY
C000201,A001184,PRIMARY
C000002,A001185,PRIMARY
C000722,A001186,PRIMARY
C000806,A001187,PRIMARY
C000597,A001188,PRIMARY
C000152,A001189,PRIMARY
C000530,A001190,PRIMARY
C000342,A001191,PRIMARY
C000060,A001192,PRIMARY
C000683,A001193,PRIMARY
C000770,A001194,PRIMARY
C000307,A001195,PRIMARY
C000434,A001196,PRIMARY
C000703,A001197,PRIMARY
C000688,A001198,PRIMARY
C000104,A001199,PRIMARY
C000810,A001200,PRIMARY
C000499,A001201,PRIMARY
C000284,A001202,PRIMARY
C000661,A001203,PRIMARY
C000144,A001204,PRIMARY
C000082,A001205,PRIMARY
C000336,A001206,PRIMARY
C000590,A001207,PRIMARY
C000140,A001208,PRIMARY
C000298,A001209,PRIMARY
C000417,A001210,PRIMARY
C000509,A001211,PRIMARY
C000551,A001212,PRIMARY
C000632,A001213,PRIMARY
C000804,A001214,PRIMARY
C000164,A001215,PRIMARY
C000681,A001216,PRIMARY
C000446,A001217,PRIMARY
C000219,A001218,PRIMARY
C000674,A001219,PRIMARY
C000372,A001220,PRIMARY
C000206,A001221,PRIMARY
C000343,A001222,PRIMARY
C000632,A001223,PRIMARY
C000516,A001224,PRIMARY
C000738,A001225,PRIMARY
C000300,A001226,PRIMARY
C000585,A001227,PRIMARY
C000522,A001228,PRIMARY
C000773,A001229,PRIMARY
C000991,A001230,PRIMARY
C000202,A001231,PRIMARY
C000823,A001232,PRIMARY
C000918,A001233,PRIMARY
C000015,A001234,PRIMARY
C000002,A001235,PRIMARY
C000242,A001236,PRIMARY
C000638,A001237,PRIMARY
C000606,A001238,PRIMARY
C000592,A001239,PRIMARY
C000404,A001240,PRIMARY
C000925,A001241,PRIMARY
C000085,A001242,PRIMARY
C000932,A001243,PRIMARY
C000484,A001244,PRIMARY
C000651,A001245,PRIMARY
C000383,A001246,PRIMARY
C000039,A001247,PRIMARY
C000445,A001248,PRIMARY
C000125,A001249,PRIMARY
C000743,A001250,PRIMARY
C000099,A000238,JOINT
C000923,A000143,JOINT
C000321,A000563,JOINT
C000642,A001237,JOINT
C000895,A000845,JOINT
C000768,A001012,JOINT
C000372,A000692,JOINT
C000157,A000910,JOINT
C000866,A001193,JOINT
C000436,A000578,JOINT
C000012,A001086,JOINT
C000019,A000356,JOINT
C000358,A000971,JOINT
C000296,A000342,JOINT
C000387,A001114,JOINT
C000574,A000593,JOINT
C000985,A000986,JOINT
C000798,A000875,JOINT
C000074,A000192,JOINT
C000931,A000632,JOINT
C000918,A000572,JOINT
C000711,A000896,JOINT
C000837,A000479,JOINT
C000726,A001089,JOINT
C000995,A000100,JOINT
C000525,A000440,JOINT
C000394,A000949,JOINT
C000717,A001039,JOINT
C000420,A000361,JOINT
C000605,A000693,JOINT
C000765,A000514,JOINT
C000579,A000889,JOINT
C000135,A000357,JOINT
C000173,A000157,JOINT
C000718,A000738,JOINT
C000556,A000071,JOINT
C000446,A000466,JOINT
C000784,A000362,JOINT
C000642,A000999,JOINT
C000708,A000975,JOINT
C000484,A000347,JOINT
C000022,A000246,JOINT
C000178,A000752,JOINT
C000854,A001003,JOINT
C000054,A000060,JOINT
C000635,A000255,JOINT
C000950,A000317,JOINT
C000228,A001166,JOINT
C000813,A000587,JOINT
C000104,A001075,JOINT
C000678,A000842,JOINT
C000212,A000232,JOINT
C000579,A000626,JOINT
C000063,A001145,JOINT
C000129,A001228,JOINT
C000491,A001204,JOINT
C000296,A000523,JOINT
C000727,A000050,JOINT
C000564,A001164,JOINT
C000327,A000038,JOINT
C000320,A000173,JOINT
C000753,A000156,JOINT
C000621,A000746,JOINT
C000160,A000751,JOINT
C000710,A000428,JOINT
C000437,A001136,JOINT
C000298,A000385,JOINT
C000474,A001238,JOINT
C000660,A000333,JOINT
C000685,A000832,JOINT
C000863,A000041,JOINT
C000577,A000524,JOINT
C000251,A000816,JOINT
C000174,A001224,JOINT
C000776,A000324,JOINT
C000853,A001241,JOINT
C000233,A000917,JOINT
C000794,A000423,JOINT
C000781,A000656,JOINT
C000172,A001071,JOINT
C000719,A000472,JOINT
C000692,A000439,JOINT
C000494,A001196,JOINT
C000484,A000168,JOINT
C000607,A000980,JOINT
C000565,A001182,JOINT
C000479,A000822,JOINT
C000498,A000082,JOINT
C000225,A000053,JOINT
C000999,A000505,JOINT
C000954,A000704,JOINT
C000446,A000295,JOINT
C000685,A000699,JOINT
C000316,A000551,JOINT
C000678,A000011,JOINT
C000310,A000564,JOINT
C000999,A000280,JOINT
C000569,A001178,JOINT
C000438,A001240,JOINT
C000283,A000260,JOINT
C000263,A000026,PRIMARY
C999999,A000010,JOINT
C000010,A999999,PRIMARY
C000020,A000020,OWNER
C000001,A000238,PRIMARY
